Date,Open,High,Low,Close,Volume,Dividends,Stock Splits
2014-05-02,7.5,7.69,6.01,7.2,579900,0,0
2014-05-05,6.8,7.0,6.3,6.7,41100,0,0
2014-05-06,6.65,6.85,6.1,6.1,24900,0,0
2014-05-07,6.12,6.24,6.05,6.05,12700,0,0
2014-05-08,6.5,6.99,6.49,6.99,24200,0,0
2014-05-09,6.98,6.98,6.55,6.55,1300,0,0
2014-05-12,6.98,6.98,6.7,6.93,3100,0,0
2014-05-13,6.5,6.98,6.5,6.98,1400,0,0
2014-05-14,6.954,6.954,6.52,6.52,200,0,0
2014-05-15,6.95,7.44,6.851,7.44,4300,0,0
2014-05-16,6.92,7.44,6.92,7.22,1400,0,0
2014-05-19,7.44,7.44,7.05,7.41,6000,0,0
2014-05-20,7.34,7.34,7.34,7.34,600,0,0
2014-05-21,7.78,7.78,6.72,6.73,29900,0,0
2014-05-22,7.11,7.11,6.55,6.7,3400,0,0
2014-05-23,6.75,7.08,6.6,6.74,7800,0,0
2014-05-27,6.72,6.72,6.11,6.36,12600,0,0
2014-05-28,6.29,6.29,6.16,6.16,1900,0,0
2014-05-29,6.02,6.3,6.02,6.25,2200,0,0
2014-05-30,6.06,6.26,6.01,6.103,3100,0,0
2014-06-02,6.09,6.09,6.08,6.09,1800,0,0
2014-06-03,6.09,6.28,6.09,6.28,4500,0,0
2014-06-04,6.14,6.149,6.01,6.09,5800,0,0
2014-06-05,6.0,6.55,6.0,6.55,10900,0,0
2014-06-06,6.01,6.64,6.0,6.58,5600,0,0
2014-06-09,6.0,6.65,6.0,6.57,5300,0,0
2014-06-10,6.03,6.99,6.03,6.99,12100,0,0
2014-06-11,6.99,6.99,6.42,6.51,5900,0,0
2014-06-12,6.54,6.98,6.13,6.67,11100,0,0
2014-06-13,6.8,6.8,6.52,6.79,3100,0,0
2014-06-16,6.51,7.0,6.51,6.92,6800,0,0
2014-06-17,6.51,7.2,6.51,7.2,7300,0,0
2014-06-18,7.0,7.0,6.5,6.69,26200,0,0
2014-06-19,7.65,8.222,7.32,7.51,134900,0,0
2014-06-20,7.87,7.87,6.95,6.95,50600,0,0
2014-06-23,6.95,7.25,6.79,7.2,15800,0,0
2014-06-24,7.05,7.191,6.59,6.65,29000,0,0
2014-06-25,6.75,6.97,6.7,6.7,2100,0,0
2014-06-26,6.72,6.72,6.57,6.65,6600,0,0
2014-06-27,6.7,6.95,6.69,6.72,16300,0,0
2014-06-30,7.0,7.0,6.5,6.56,9200,0,0
2014-07-01,6.76,6.76,6.58,6.66,1000,0,0
2014-07-02,6.62,7.01,6.55,6.59,4700,0,0
2014-07-03,6.59,6.59,6.59,6.59,0,0,0
2014-07-07,6.51,6.7,6.51,6.594,4700,0,0
2014-07-08,6.74,6.75,6.5,6.5,18500,0,0
2014-07-09,6.5,7.0,6.5,6.7,1700,0,0
2014-07-10,6.6,6.6,6.31,6.31,6200,0,0
2014-07-11,6.54,6.9,6.54,6.54,1000,0,0
2014-07-14,6.5,6.5,6.098,6.1,35400,0,0
2014-07-15,6.4,6.4,6.0,6.0,7700,0,0
2014-07-16,5.58,5.75,4.75,5.35,35400,0,0
2014-07-17,5.349,5.35,4.71,4.84,16500,0,0
2014-07-18,4.6,5.0,4.6,4.83,12600,0,0
2014-07-21,4.856,5.18,4.75,4.99,14600,0,0
2014-07-22,4.94,4.952,4.71,4.75,5700,0,0
2014-07-23,4.64,4.74,4.45,4.5,17000,0,0
2014-07-24,4.67,4.67,4.25,4.29,13900,0,0
2014-07-25,4.25,4.37,4.25,4.27,9500,0,0
2014-07-28,4.26,4.262,3.54,3.63,55600,0,0
2014-07-29,3.64,4.1,3.64,3.845,42200,0,0
2014-07-30,3.9,3.945,3.65,3.7,7100,0,0
2014-07-31,3.65,3.65,3.28,3.57,19500,0,0
2014-08-01,3.58,3.58,3.11,3.5,6400,0,0
2014-08-04,3.5,3.5,3.0,3.34,20500,0,0
2014-08-05,3.45,3.5,3.25,3.28,12000,0,0
2014-08-06,3.64,3.88,3.28,3.61,13600,0,0
2014-08-07,4.74,4.74,3.82,3.84,14200,0,0
2014-08-08,3.96,4.15,3.85,4.15,5100,0,0
2014-08-11,4.4,4.47,4.22,4.32,11100,0,0
2014-08-12,4.41,4.41,3.86,3.97,5200,0,0
2014-08-13,3.82,4.58,3.772,4.04,8500,0,0
2014-08-14,4.15,4.43,4.0,4.2,9300,0,0
2014-08-15,4.15,4.15,4.02,4.02,1600,0,0
2014-08-18,4.052,4.215,4.0,4.12,16700,0,0
2014-08-19,4.26,4.274,3.76,4.14,6900,0,0
2014-08-20,3.84,4.17,3.84,4.01,8000,0,0
2014-08-21,3.86,4.0,3.8,3.89,4100,0,0
2014-08-22,3.82,3.907,3.82,3.82,6600,0,0
2014-08-25,3.87,3.9,3.82,3.86,6600,0,0
2014-08-26,3.77,3.97,3.59,3.6,24400,0,0
2014-08-27,3.59,3.66,3.4,3.4,10900,0,0
2014-08-28,3.43,3.55,3.31,3.35,1800,0,0
2014-08-29,3.47,3.47,3.45,3.46,600,0,0
2014-09-02,4.18,4.18,3.6,3.63,3100,0,0
2014-09-03,3.73,3.73,3.58,3.6,3500,0,0
2014-09-04,3.9,4.18,3.6,3.89,19700,0,0
2014-09-05,4.3,4.49,3.82,4.21,12400,0,0
2014-09-08,4.38,4.38,4.05,4.05,1100,0,0
2014-09-09,4.25,4.25,4.01,4.17,4400,0,0
2014-09-10,4.24,4.25,4.08,4.08,2900,0,0
2014-09-11,4.1,4.15,4.1,4.15,1000,0,0
2014-09-12,4.051,5.04,4.051,5.03,20100,0,0
2014-09-15,5.28,7.4,5.27,6.565,174100,0,0
2014-09-16,6.4,7.25,5.45,6.88,65700,0,0
2014-09-17,6.63,7.27,5.8,6.95,17900,0,0
2014-09-18,7.05,7.1,6.51,6.9,11000,0,0
2014-09-19,7.22,7.4,6.92,7.4,74100,0,0
2014-09-22,7.49,7.63,6.86,7.3,20300,0,0
2014-09-23,6.84,7.15,6.83,6.84,8400,0,0
2014-09-24,6.72,6.72,5.81,6.54,21800,0,0
2014-09-25,6.5,6.5,5.66,6.14,14900,0,0
2014-09-26,5.885,6.11,5.77,6.1,4400,0,0
2014-09-29,5.99,6.15,5.77,5.77,7000,0,0
2014-09-30,5.85,6.12,5.85,5.92,4500,0,0
2014-10-01,5.98,6.0,5.47,5.99,8400,0,0
2014-10-02,5.97,6.0,5.5,6.0,4200,0,0
2014-10-03,6.01,6.05,5.72,6.0,6700,0,0
2014-10-06,5.54,6.0,5.54,5.96,1800,0,0
2014-10-07,5.715,5.87,5.39,5.74,5500,0,0
2014-10-08,5.85,6.04,5.58,5.86,12400,0,0
2014-10-09,5.83,5.9,5.55,5.9,9300,0,0
2014-10-10,5.55,6.01,5.55,5.88,7400,0,0
2014-10-13,5.835,5.99,5.72,5.77,7300,0,0
2014-10-14,5.58,5.99,5.47,5.99,13800,0,0
2014-10-15,5.78,5.98,5.78,5.98,4400,0,0
2014-10-16,5.99,6.0,5.56,5.792,16400,0,0
2014-10-17,5.54,5.88,5.52,5.75,15900,0,0
2014-10-20,5.86,5.89,5.7,5.89,5800,0,0
2014-10-21,5.92,7.99,5.71,7.95,30000,0,0
2014-10-22,7.95,7.95,7.011,7.191,20400,0,0
2014-10-23,6.82,8.2,6.54,7.85,18500,0,0
2014-10-24,7.63,8.1,7.62,7.81,12700,0,0
2014-10-27,7.96,8.245,7.51,8.245,5300,0,0
2014-10-28,8.37,9.6,7.81,8.99,11500,0,0
2014-10-29,8.95,11.99,8.95,9.76,46400,0,0
2014-10-30,7.9,9.0,7.5,7.5,123500,0,0
2014-10-31,7.9,7.91,6.84,6.9,31100,0,0
2014-11-03,6.65,6.9,6.1,6.71,33300,0,0
2014-11-04,6.75,7.99,6.75,7.89,26000,0,0
2014-11-05,7.9,7.93,7.3,7.38,16800,0,0
2014-11-06,7.15,7.77,6.81,7.72,8900,0,0
2014-11-07,7.73,7.73,6.85,7.12,45100,0,0
2014-11-10,7.04,7.92,7.018,7.91,35300,0,0
2014-11-11,7.699,7.95,7.34,7.51,56600,0,0
2014-11-12,7.65,7.91,7.3,7.52,11800,0,0
2014-11-13,7.86,7.91,7.86,7.91,400,0,0
2014-11-14,7.76,7.79,7.14,7.47,4500,0,0
2014-11-17,7.6,7.77,7.474,7.65,6800,0,0
2014-11-18,7.46,7.71,7.08,7.22,6900,0,0
2014-11-19,7.2,7.44,7.14,7.33,2200,0,0
2014-11-20,7.57,7.67,7.03,7.25,7000,0,0
2014-11-21,7.114,7.54,7.114,7.53,3400,0,0
2014-11-24,7.43,7.57,7.04,7.51,1600,0,0
2014-11-25,7.2,7.36,7.2,7.35,2700,0,0
2014-11-26,7.35,7.35,7.35,7.35,0,0,0
2014-11-28,7.13,7.35,7.05,7.22,2000,0,0
2014-12-01,7.08,7.45,7.03,7.34,12300,0,0
2014-12-02,7.15,7.26,7.15,7.26,3000,0,0
2014-12-03,7.64,7.64,7.32,7.55,4400,0,0
2014-12-04,7.34,7.59,7.33,7.39,3600,0,0
2014-12-05,7.5,7.51,7.18,7.19,3400,0,0
2014-12-08,7.34,7.9,7.25,7.8,46300,0,0
2014-12-09,7.8,7.9,7.71,7.71,4200,0,0
2014-12-10,7.85,7.95,7.8,7.85,7700,0,0
2014-12-11,7.9,7.9,7.75,7.9,6500,0,0
2014-12-12,8.38,8.93,7.695,7.8,70800,0,0
2014-12-15,7.7,7.7,7.501,7.6,2900,0,0
2014-12-16,7.59,7.59,7.02,7.05,9400,0,0
2014-12-17,7.27,7.73,6.72,6.74,8000,0,0
2014-12-18,7.0,7.9,6.9,7.46,12700,0,0
2014-12-19,7.29,7.9,7.29,7.44,3700,0,0
2014-12-22,7.86,7.9,7.29,7.83,5600,0,0
2014-12-23,7.9,7.9,7.24,7.32,18200,0,0
2014-12-24,7.57,7.64,7.29,7.52,16200,0,0
2014-12-26,7.89,7.9,6.53,6.65,37300,0,0
2014-12-29,7.09,7.34,6.97,7.1,11800,0,0
2014-12-30,6.9,7.49,6.79,7.01,9900,0,0
2014-12-31,7.08,7.49,7.0,7.22,23600,0,0
2015-01-02,7.65,7.65,6.9,7.3,23000,0,0
2015-01-05,7.4,7.86,7.33,7.61,11000,0,0
2015-01-06,7.56,7.87,7.35,7.83,11400,0,0
2015-01-07,7.76,7.83,7.47,7.48,4400,0,0
2015-01-08,7.432,7.79,7.432,7.64,8000,0,0
2015-01-09,7.34,7.61,7.0,7.48,28900,0,0
2015-01-12,7.48,7.88,7.4,7.82,5600,0,0
2015-01-13,7.75,7.9,7.31,7.87,14600,0,0
2015-01-14,7.85,8.08,7.61,7.86,221400,0,0
2015-01-15,7.9,7.95,7.88,7.897,32500,0,0
2015-01-16,7.52,10.7,7.52,10.17,86900,0,0
2015-01-20,10.1,11.92,9.95,10.65,75900,0,0
2015-01-21,10.68,10.68,9.4,9.43,35000,0,0
2015-01-22,9.4,9.75,8.55,9.6,45000,0,0
2015-01-23,9.58,9.58,8.8,8.86,4800,0,0
2015-01-26,9.44,11.0,9.1,9.86,42500,0,0
2015-01-27,9.81,11.9,9.81,10.97,79000,0,0
2015-01-28,11.62,13.5,10.79,11.59,110400,0,0
2015-01-29,12.0,12.19,11.53,11.84,38100,0,0
2015-01-30,12.3,12.3,11.8,12.1,25100,0,0
2015-02-02,12.3,12.3,11.5,11.5,15100,0,0
2015-02-03,11.5,11.97,10.66,10.68,28400,0,0
2015-02-04,10.66,11.24,10.618,11.09,10700,0,0
2015-02-05,11.12,11.49,11.12,11.35,9600,0,0
2015-02-06,11.5,12.1,11.45,11.63,23800,0,0
2015-02-09,10.96,11.99,10.91,11.15,12800,0,0
2015-02-10,11.15,12.26,11.15,11.25,14900,0,0
2015-02-11,11.151,12.07,10.951,10.99,8200,0,0
2015-02-12,11.01,11.84,10.98,11.26,9500,0,0
2015-02-13,11.5,11.5,10.89,11.01,2500,0,0
2015-02-17,10.94,11.19,10.94,11.14,7800,0,0
2015-02-18,11.19,11.3,10.701,11.05,6100,0,0
2015-02-19,11.45,12.16,11.4,11.83,23600,0,0
2015-02-20,12.07,12.28,10.35,10.5,51300,0,0
2015-02-23,10.62,10.7,9.71,10.31,17100,0,0
2015-02-24,10.25,10.5,9.62,9.85,16500,0,0
2015-02-25,9.9,10.27,9.9,10.25,5000,0,0
2015-02-26,10.03,10.27,9.83,10.27,6600,0,0
2015-02-27,10.25,10.26,10.0,10.2,11600,0,0
2015-03-02,10.5,11.25,10.47,10.58,11100,0,0
2015-03-03,10.62,11.29,10.6,10.6,9500,0,0
2015-03-04,10.6,10.81,10.36,10.39,8400,0,0
2015-03-05,11.0,11.0,10.5,10.5,3500,0,0
2015-03-06,10.5,10.99,10.5,10.52,4100,0,0
2015-03-09,10.56,10.99,9.62,10.01,8200,0,0
2015-03-10,10.33,10.979,10.33,10.47,9300,0,0
2015-03-11,10.8,10.8,10.38,10.62,1900,0,0
2015-03-12,10.434,10.84,10.35,10.59,2300,0,0
2015-03-13,10.4,10.41,10.38,10.41,500,0,0
2015-03-16,11.45,11.7,10.436,11.46,6700,0,0
2015-03-17,10.251,11.24,10.25,11.11,3700,0,0
2015-03-18,10.51,11.25,10.51,11.22,2900,0,0
2015-03-19,11.29,11.3,10.6,10.6,11700,0,0
2015-03-20,10.63,11.172,10.63,10.8,5400,0,0
2015-03-23,10.96,10.97,10.5,10.62,7200,0,0
2015-03-24,10.9,10.9,10.6,10.61,4500,0,0
2015-03-25,10.75,10.75,10.55,10.641,1700,0,0
2015-03-26,10.6,10.85,10.0,10.41,22900,0,0
2015-03-27,10.67,10.94,10.43,10.75,3500,0,0
2015-03-30,10.83,10.93,10.0,10.12,13700,0,0
2015-03-31,10.16,10.38,10.15,10.18,2000,0,0
2015-04-01,10.15,10.25,10.01,10.01,3800,0,0
2015-04-02,10.02,10.5,10.0,10.15,19900,0,0
2015-04-06,10.0,10.64,10.0,10.64,14200,0,0
2015-04-07,10.34,10.65,10.17,10.61,5000,0,0
2015-04-08,10.1,10.588,10.1,10.12,18300,0,0
2015-04-09,10.28,10.28,10.17,10.25,8000,0,0
2015-04-10,10.27,10.3,10.2,10.286,3600,0,0
2015-04-13,10.63,10.632,10.12,10.12,18100,0,0
2015-04-14,10.25,10.45,10.25,10.45,18300,0,0
2015-04-15,10.41,10.49,10.4,10.49,15400,0,0
2015-04-16,10.61,10.61,10.31,10.59,3900,0,0
2015-04-17,10.451,11.0,10.45,10.97,3900,0,0
2015-04-20,11.0,11.79,10.71,10.72,16000,0,0
2015-04-21,11.19,11.19,10.72,10.75,5100,0,0
2015-04-22,10.54,10.874,9.15,9.3,22400,0,0
2015-04-23,9.25,9.99,9.25,9.74,5500,0,0
2015-04-24,9.57,9.8,9.43,9.56,6000,0,0
2015-04-27,9.45,9.55,9.45,9.55,1400,0,0
2015-04-28,9.98,9.98,9.53,9.53,500,0,0
2015-04-29,9.637,9.868,9.32,9.32,4900,0,0
2015-04-30,9.5,9.5,9.443,9.443,1000,0,0
2015-05-01,9.45,9.45,9.33,9.33,3500,0,0
2015-05-04,9.74,9.74,9.27,9.27,1500,0,0
2015-05-05,9.25,9.25,8.9,9.04,1600,0,0
2015-05-06,9.0,9.0,7.86,8.35,9100,0,0
2015-05-07,8.04,8.47,8.04,8.26,8600,0,0
2015-05-08,7.44,7.74,7.15,7.55,505600,0,0
2015-05-11,7.62,7.62,7.3,7.5,70300,0,0
2015-05-12,7.4,7.51,7.4,7.51,34000,0,0
2015-05-13,7.41,7.59,7.17,7.49,128200,0,0
2015-05-14,7.54,7.54,7.25,7.43,27300,0,0
2015-05-15,7.39,7.4,7.02,7.02,11500,0,0
2015-05-18,7.14,7.32,7.14,7.29,38500,0,0
2015-05-19,7.29,7.38,7.135,7.31,73300,0,0
2015-05-20,7.2,7.29,7.19,7.29,1200,0,0
2015-05-21,7.2,7.35,7.15,7.22,5400,0,0
2015-05-22,7.22,7.36,7.04,7.13,37400,0,0
2015-05-26,7.07,7.17,6.64,6.87,18600,0,0
2015-05-27,7.05,7.67,7.05,7.47,91800,0,0
2015-05-28,7.53,7.73,7.35,7.49,27200,0,0
2015-05-29,7.455,7.49,7.11,7.45,18000,0,0
2015-06-01,7.62,7.62,7.5,7.57,15100,0,0
2015-06-02,7.325,7.68,7.27,7.6,29900,0,0
2015-06-03,7.67,8.1,7.65,7.85,34600,0,0
2015-06-04,7.72,7.9,7.63,7.67,35100,0,0
2015-06-05,7.64,7.95,7.64,7.72,5100,0,0
2015-06-08,7.6,7.87,7.59,7.86,23100,0,0
2015-06-09,7.9,7.9,7.44,7.74,10300,0,0
2015-06-10,7.5,7.74,7.48,7.62,16500,0,0
2015-06-11,7.7,8.95,7.7,8.3,71500,0,0
2015-06-12,8.26,8.49,8.04,8.17,21500,0,0
2015-06-15,8.048,8.46,8.01,8.245,34900,0,0
2015-06-16,8.397,8.82,8.27,8.55,43900,0,0
2015-06-17,8.82,9.0,8.32,8.6,71600,0,0
2015-06-18,8.85,8.899,8.11,8.38,39100,0,0
2015-06-19,8.5,8.6,7.93,8.6,16500,0,0
2015-06-22,8.61,8.61,8.08,8.44,13800,0,0
2015-06-23,8.35,8.815,7.5,7.98,28200,0,0
2015-06-24,7.423,8.02,7.423,7.99,5400,0,0
2015-06-25,8.02,8.21,7.66,8.09,8400,0,0
2015-06-26,7.63,8.0,7.63,7.75,3400,0,0
2015-06-29,7.67,8.0,7.09,7.91,129000,0,0
2015-06-30,7.67,7.99,7.55,7.76,9400,0,0
2015-07-01,8.34,8.95,8.12,8.31,51100,0,0
2015-07-02,8.34,8.5,8.31,8.5,50300,0,0
2015-07-06,8.43,8.5,8.32,8.37,16800,0,0
2015-07-07,8.34,8.49,8.311,8.48,24800,0,0
2015-07-08,8.49,8.49,7.91,7.93,32800,0,0
2015-07-09,7.96,8.5,7.81,8.01,15200,0,0
2015-07-10,8.01,8.31,7.93,8.15,16300,0,0
2015-07-13,8.09,8.3,8.0,8.29,28200,0,0
2015-07-14,8.02,8.35,8.02,8.31,9500,0,0
2015-07-15,8.292,8.4,8.14,8.33,24800,0,0
2015-07-16,8.445,8.445,8.2,8.39,23500,0,0
2015-07-17,8.4,9.0,8.4,8.99,58200,0,0
2015-07-20,9.05,9.82,8.99,9.69,76300,0,0
2015-07-21,9.69,10.25,9.62,10.25,110400,0,0
2015-07-22,10.25,10.76,10.14,10.63,42000,0,0
2015-07-23,10.63,10.9,10.06,10.19,25700,0,0
2015-07-24,10.02,10.02,9.66,9.68,13000,0,0
2015-07-27,9.67,9.67,8.77,9.05,35500,0,0
2015-07-28,9.2,9.26,9.01,9.01,16200,0,0
2015-07-29,8.88,9.24,8.86,9.13,64700,0,0
2015-07-30,9.01,9.2,8.975,9.16,11400,0,0
2015-07-31,9.13,9.4,8.89,8.89,99200,0,0
2015-08-03,8.89,9.0,8.13,8.47,11600,0,0
2015-08-04,8.35,8.93,7.98,8.04,28500,0,0
2015-08-05,8.5,8.5,8.01,8.17,18500,0,0
2015-08-06,8.31,8.73,8.09,8.14,12700,0,0
2015-08-07,8.3,8.79,8.03,8.28,12900,0,0
2015-08-10,8.2,9.22,8.12,8.12,31200,0,0
2015-08-11,8.03,8.77,8.01,8.34,29400,0,0
2015-08-12,8.32,8.7,7.63,7.69,62900,0,0
2015-08-13,7.77,8.24,7.77,7.99,30200,0,0
2015-08-14,7.99,8.168,7.11,8.06,29800,0,0
2015-08-17,7.81,8.42,7.81,7.89,16900,0,0
2015-08-18,7.97,8.48,7.7,7.71,19400,0,0
2015-08-19,7.82,8.297,7.7,7.71,11100,0,0
2015-08-20,7.881,7.881,7.398,7.59,13100,0,0
2015-08-21,7.45,7.77,7.19,7.41,10800,0,0
2015-08-24,7.0,7.42,7.0,7.0,19500,0,0
2015-08-25,7.07,7.4,6.61,6.76,27200,0,0
2015-08-26,7.115,7.115,6.16,6.935,10700,0,0
2015-08-27,6.94,7.265,6.6,6.62,12600,0,0
2015-08-28,6.46,7.438,6.46,7.06,20200,0,0
2015-08-31,7.1,7.62,6.62,7.22,6900,0,0
2015-09-01,7.08,7.17,6.76,6.97,6900,0,0
2015-09-02,6.94,7.27,6.75,7.19,10200,0,0
2015-09-03,7.21,7.31,7.05,7.19,3600,0,0
2015-09-04,7.09,7.09,7.08,7.08,400,0,0
2015-09-08,7.5,7.804,7.14,7.16,24500,0,0
2015-09-09,7.16,7.7,6.845,7.02,7300,0,0
2015-09-10,6.88,7.02,6.82,6.82,2600,0,0
2015-09-11,6.94,6.98,6.9,6.98,900,0,0
2015-09-14,6.9,7.47,6.75,6.84,4600,0,0
2015-09-15,7.11,7.25,6.8,6.97,4000,0,0
2015-09-16,6.87,7.34,6.7,6.86,7900,0,0
2015-09-17,6.75,6.91,6.69,6.78,6200,0,0
2015-09-18,6.567,6.95,6.561,6.95,6900,0,0
2015-09-21,6.97,7.07,6.784,6.82,6100,0,0
2015-09-22,6.73,7.25,6.5,6.86,32100,0,0
2015-09-23,6.752,7.26,6.74,6.85,5800,0,0
2015-09-24,6.86,7.12,6.83,6.87,3900,0,0
2015-09-25,6.87,7.08,6.545,6.73,6300,0,0
2015-09-28,6.65,6.684,5.9,6.06,28400,0,0
2015-09-29,6.0,6.44,6.0,6.04,8300,0,0
2015-09-30,7.33,7.33,5.35,5.83,34200,0,0
2015-10-01,5.706,5.82,5.35,5.63,4700,0,0
2015-10-02,5.32,5.86,5.32,5.78,11400,0,0
2015-10-05,5.98,6.19,5.4,5.75,8100,0,0
2015-10-06,5.83,5.83,5.43,5.5,6800,0,0
2015-10-07,5.509,5.84,5.26,5.26,39700,0,0
2015-10-08,5.52,6.01,5.15,5.154,55500,0,0
2015-10-09,5.37,6.112,5.37,5.38,34000,0,0
2015-10-12,5.38,5.84,5.05,5.34,21600,0,0
2015-10-13,5.2,6.12,4.84,5.94,89500,0,0
2015-10-14,6.08,6.315,5.62,6.2,17700,0,0
2015-10-15,6.0,6.599,5.71,6.47,31400,0,0
2015-10-16,6.41,6.77,5.81,6.36,13300,0,0
2015-10-19,6.32,6.759,5.96,6.33,151300,0,0
2015-10-20,6.41,6.75,5.72,6.4,29200,0,0
2015-10-21,6.39,6.55,5.67,6.5,85900,0,0
2015-10-22,6.44,6.74,5.67,6.5,42800,0,0
2015-10-23,6.4,6.72,5.77,6.26,18500,0,0
2015-10-26,6.13,6.6,5.861,6.43,61400,0,0
2015-10-27,6.38,6.75,6.38,6.52,14400,0,0
2015-10-28,6.5,7.449,5.72,6.99,92500,0,0
2015-10-29,7.03,7.375,6.68,6.94,23300,0,0
2015-10-30,7.2,7.22,6.73,6.88,5400,0,0
2015-11-02,6.85,7.685,6.7,7.22,27300,0,0
2015-11-03,7.22,7.627,6.75,7.38,16600,0,0
2015-11-04,7.32,7.5,7.09,7.355,5100,0,0
2015-11-05,7.3,7.41,7.3,7.31,7500,0,0
2015-11-06,7.2,7.48,7.0,7.48,8700,0,0
2015-11-09,7.41,7.54,7.17,7.3,6600,0,0
2015-11-10,7.25,7.49,7.07,7.36,10400,0,0
2015-11-11,7.39,7.49,7.32,7.49,7400,0,0
2015-11-12,7.32,7.5,7.06,7.26,8400,0,0
2015-11-13,7.245,7.31,7.04,7.25,3300,0,0
2015-11-16,7.28,7.35,7.16,7.35,3100,0,0
2015-11-17,7.36,7.36,7.17,7.17,1200,0,0
2015-11-18,7.23,7.5,7.12,7.15,41800,0,0
2015-11-19,7.09,7.39,7.09,7.131,6600,0,0
2015-11-20,7.04,7.19,6.7,7.11,8700,0,0
2015-11-23,7.06,7.19,6.81,6.98,6800,0,0
2015-11-24,6.96,7.14,6.905,6.905,900,0,0
2015-11-25,6.86,7.07,6.83,7.035,2000,0,0
2015-11-27,7.01,7.15,7.01,7.019,8000,0,0
2015-11-30,7.1,7.5,7.1,7.28,22000,0,0
2015-12-01,7.3,7.46,7.3,7.375,4800,0,0
2015-12-02,7.63,7.7,7.21,7.49,14500,0,0
2015-12-03,7.49,7.49,7.2,7.2,3900,0,0
2015-12-04,7.17,7.45,7.17,7.34,4800,0,0
2015-12-07,7.4,7.4,7.25,7.27,2500,0,0
2015-12-08,7.25,7.286,6.8,6.97,20100,0,0
2015-12-09,6.854,6.999,6.85,6.999,6900,0,0
2015-12-10,6.84,6.84,6.03,6.491,41700,0,0
2015-12-11,5.96,6.78,5.96,6.52,8000,0,0
2015-12-14,6.51,6.85,6.39,6.5,4500,0,0
2015-12-15,6.55,6.829,6.54,6.829,4100,0,0
2015-12-16,6.75,6.98,6.75,6.98,3000,0,0
2015-12-17,7.1,7.54,6.93,6.93,12900,0,0
2015-12-18,7.05,7.05,6.75,6.75,6700,0,0
2015-12-21,6.54,7.04,6.36,7.04,4500,0,0
2015-12-22,6.592,6.66,6.38,6.46,8900,0,0
2015-12-23,6.75,7.135,6.51,6.51,3900,0,0
2015-12-24,6.51,6.51,6.51,6.51,0,0,0
2015-12-28,6.93,6.93,6.56,6.75,2400,0,0
2015-12-29,6.865,6.967,6.51,6.536,7600,0,0
2015-12-30,6.9,6.9,6.55,6.63,7300,0,0
2015-12-31,6.61,6.94,6.61,6.78,13800,0,0
2016-01-04,6.59,6.78,6.46,6.68,3800,0,0
2016-01-05,6.68,6.72,6.45,6.68,5500,0,0
2016-01-06,6.6,6.62,6.23,6.5,5500,0,0
2016-01-07,6.51,6.66,6.29,6.63,8500,0,0
2016-01-08,6.79,6.79,5.98,6.748,27900,0,0
2016-01-11,6.67,6.95,6.66,6.76,19400,0,0
2016-01-12,6.7,6.84,6.49,6.69,31700,0,0
2016-01-13,6.74,6.74,6.22,6.55,16600,0,0
2016-01-14,6.892,6.96,6.576,6.71,8200,0,0
2016-01-15,6.85,6.855,5.9,6.37,32100,0,0
2016-01-19,6.43,6.43,6.13,6.16,5300,0,0
2016-01-20,5.99,6.175,5.66,5.79,34200,0,0
2016-01-21,5.79,6.26,5.38,5.62,19700,0,0
2016-01-22,5.56,5.745,5.38,5.5,11400,0,0
2016-01-25,5.06,6.12,4.97,5.39,9500,0,0
2016-01-26,5.12,5.462,4.87,5.09,24900,0,0
2016-01-27,5.236,5.51,4.98,5.05,5600,0,0
2016-01-28,5.0,5.025,4.71,4.88,10200,0,0
2016-01-29,4.92,4.98,4.575,4.81,5600,0,0
2016-02-01,4.78,4.8,4.75,4.8,1800,0,0
2016-02-02,4.6,4.64,4.35,4.52,6500,0,0
2016-02-03,4.4,4.44,4.25,4.26,3900,0,0
2016-02-04,4.4,4.8,4.25,4.3,13600,0,0
2016-02-05,4.49,4.49,3.973,4.15,5100,0,0
2016-02-08,3.65,4.08,3.62,3.94,13400,0,0
2016-02-09,3.72,3.908,3.39,3.7,17700,0,0
2016-02-10,3.61,4.0,3.59,4.0,9300,0,0
2016-02-11,4.18,4.18,3.722,3.9,6200,0,0
2016-02-12,3.83,4.05,3.82,3.9,2600,0,0
2016-02-16,3.87,3.87,3.69,3.82,1000,0,0
2016-02-17,4.0,4.72,3.9,4.5,7900,0,0
2016-02-18,4.49,4.61,3.88,4.0,7900,0,0
2016-02-19,4.07,4.13,4.0,4.0,1000,0,0
2016-02-22,4.15,4.51,3.97,4.03,12500,0,0
2016-02-23,4.03,4.06,3.53,3.7,27600,0,0
2016-02-24,3.52,3.52,3.52,3.52,200,0,0
2016-02-25,3.66,3.76,3.58,3.58,11700,0,0
2016-02-26,3.95,3.95,3.65,3.732,3700,0,0
2016-02-29,5.15,5.82,4.42,4.9,416200,0,0
2016-03-01,5.2,5.2,4.06,4.55,96400,0,0
2016-03-02,4.6,4.63,4.45,4.5,64300,0,0
2016-03-03,4.5,4.59,4.36,4.42,39800,0,0
2016-03-04,4.463,4.52,4.463,4.5,20400,0,0
2016-03-07,4.43,4.68,4.4,4.68,23600,0,0
2016-03-08,4.9,4.9,4.25,4.49,53300,0,0
2016-03-09,4.6,4.6,4.27,4.27,5900,0,0
2016-03-10,4.5,4.51,4.18,4.18,1900,0,0
2016-03-11,4.29,4.57,4.27,4.29,2300,0,0
2016-03-14,4.27,5.02,4.27,4.93,20600,0,0
2016-03-15,4.82,5.0,4.565,4.74,57000,0,0
2016-03-16,4.5,5.4,4.31,4.59,225500,0,0
2016-03-17,4.7,4.7,4.214,4.45,42700,0,0
2016-03-18,4.45,4.575,4.15,4.48,18900,0,0
2016-03-21,4.331,4.804,4.31,4.49,23700,0,0
2016-03-22,4.5,4.51,4.4,4.5,13300,0,0
2016-03-23,4.47,4.65,4.31,4.32,15300,0,0
2016-03-24,4.32,4.32,4.01,4.3,17300,0,0
2016-03-28,4.25,4.32,4.04,4.1,4100,0,0
2016-03-29,4.16,4.462,3.81,4.25,38800,0,0
2016-03-30,4.03,4.27,3.94,4.05,32600,0,0
2016-03-31,4.2,4.412,4.19,4.19,19400,0,0
2016-04-01,4.12,4.5,4.11,4.24,37200,0,0
2016-04-04,4.4,4.524,4.24,4.5,22300,0,0
2016-04-05,4.4,4.65,4.31,4.6,71100,0,0
2016-04-06,4.69,4.75,4.61,4.65,54000,0,0
2016-04-07,4.7,5.7,4.43,5.25,172500,0,0
2016-04-08,5.25,5.5,5.02,5.29,72900,0,0
2016-04-11,5.181,5.4,5.181,5.3,12600,0,0
2016-04-12,5.24,5.37,5.24,5.37,20000,0,0
2016-04-13,5.35,5.49,5.2,5.33,44800,0,0
2016-04-14,5.33,5.63,5.3,5.45,36200,0,0
2016-04-15,5.46,5.7,5.46,5.59,64400,0,0
2016-04-18,5.68,5.9,5.65,5.88,34100,0,0
2016-04-19,5.95,6.1,5.85,6.1,64400,0,0
2016-04-20,6.07,6.15,5.67,5.8,36100,0,0
2016-04-21,5.9,5.9,5.68,5.85,29200,0,0
2016-04-22,5.83,6.2,5.64,5.96,22900,0,0
2016-04-25,5.9,6.113,5.65,5.9,17200,0,0
2016-04-26,5.604,5.99,5.604,5.86,23400,0,0
2016-04-27,5.95,6.09,5.64,6.09,29400,0,0
2016-04-28,6.05,6.13,5.83,6.1,25900,0,0
2016-04-29,6.15,6.3,5.87,6.3,27800,0,0
2016-05-02,6.25,6.44,6.24,6.24,22100,0,0
2016-05-03,6.16,6.33,6.085,6.33,14200,0,0
2016-05-04,6.051,6.5,6.04,6.5,74100,0,0
2016-05-05,6.43,6.45,6.26,6.31,107200,0,0
2016-05-06,6.22,6.26,5.73,6.19,58800,0,0
2016-05-09,6.69,6.69,5.5,6.2,117400,0,0
2016-05-10,6.16,6.16,5.31,6.0,90000,0,0
2016-05-11,5.99,5.99,5.75,5.8,38200,0,0
2016-05-12,5.62,5.67,5.4,5.52,16100,0,0
2016-05-13,5.5,5.6,5.5,5.51,8400,0,0
2016-05-16,5.5,5.51,5.4,5.45,8000,0,0
2016-05-17,5.5,5.67,5.33,5.4,31900,0,0
2016-05-18,5.22,5.57,5.19,5.49,94600,0,0
2016-05-19,5.45,5.495,5.26,5.33,31500,0,0
2016-05-20,5.389,5.389,5.25,5.25,3500,0,0
2016-05-23,5.39,5.47,5.13,5.13,8400,0,0
2016-05-24,5.11,5.44,5.11,5.27,2700,0,0
2016-05-25,5.35,5.6,5.35,5.58,7200,0,0
2016-05-26,5.1,5.68,5.01,5.44,440400,0,0
2016-05-27,5.45,6.08,5.4,6.03,77100,0,0
2016-05-31,6.1,6.19,5.81,5.81,74500,0,0
2016-06-01,5.85,6.1,5.85,5.95,84400,0,0
2016-06-02,6.05,6.05,5.73,5.85,42000,0,0
2016-06-03,5.79,5.99,5.51,5.62,61800,0,0
2016-06-06,5.908,5.908,5.6,5.6,49000,0,0
2016-06-07,5.9,6.0,5.75,5.93,67900,0,0
2016-06-08,5.8,6.04,5.73,5.73,30200,0,0
2016-06-09,5.87,5.97,5.83,5.97,14600,0,0
2016-06-10,5.99,6.01,5.71,5.84,33300,0,0
2016-06-13,5.79,5.94,5.61,5.76,11300,0,0
2016-06-14,5.69,5.69,5.21,5.27,28300,0,0
2016-06-15,5.58,5.58,5.36,5.499,4800,0,0
2016-06-16,5.45,5.5,5.05,5.25,19200,0,0
2016-06-17,5.161,5.42,5.14,5.35,22900,0,0
2016-06-20,5.22,5.804,5.16,5.25,74700,0,0
2016-06-21,5.3,5.49,5.02,5.02,19600,0,0
2016-06-22,5.08,5.8,5.0,5.18,21200,0,0
2016-06-23,5.28,5.28,4.86,5.14,37100,0,0
2016-06-24,5.05,5.3,4.94,5.3,15400,0,0
2016-06-27,5.14,5.29,5.11,5.24,95000,0,0
2016-06-28,5.29,5.4,5.29,5.39,28200,0,0
2016-06-29,5.68,5.68,5.26,5.5,29800,0,0
2016-06-30,5.53,5.85,5.38,5.69,51300,0,0
2016-07-01,5.87,6.45,5.87,6.05,95300,0,0
2016-07-05,6.34,6.4,6.101,6.14,20400,0,0
2016-07-06,6.19,6.4,6.03,6.33,39200,0,0
2016-07-07,6.4,6.75,6.4,6.67,37700,0,0
2016-07-08,6.94,6.97,6.62,6.8,31600,0,0
2016-07-11,6.86,6.99,6.5,6.6,15800,0,0
2016-07-12,6.47,6.6,6.06,6.4,35800,0,0
2016-07-13,6.32,6.444,5.76,5.88,25200,0,0
2016-07-14,5.92,6.11,5.64,6.09,34600,0,0
2016-07-15,6.02,6.27,5.835,6.06,19700,0,0
2016-07-18,5.99,6.1,5.75,5.87,21500,0,0
2016-07-19,5.95,5.97,5.6,5.6,19100,0,0
2016-07-20,5.65,5.879,5.618,5.78,17300,0,0
2016-07-21,5.78,5.96,5.65,5.7,9700,0,0
2016-07-22,5.8,5.84,5.776,5.83,6000,0,0
2016-07-25,5.92,5.95,5.6,5.7,16800,0,0
2016-07-26,5.67,5.919,5.423,5.9,13600,0,0
2016-07-27,5.91,6.02,5.9,5.96,15400,0,0
2016-07-28,6.049,6.06,5.88,5.99,12900,0,0
2016-07-29,5.75,6.25,5.75,6.15,19600,0,0
2016-08-01,6.12,6.205,5.847,6.0,28500,0,0
2016-08-02,5.92,6.25,5.89,5.97,8900,0,0
2016-08-03,6.02,6.16,5.92,6.0,15600,0,0
2016-08-04,6.03,6.15,5.73,5.73,14300,0,0
2016-08-05,5.8,6.132,5.733,5.94,29900,0,0
2016-08-08,5.96,5.996,5.795,5.88,31300,0,0
2016-08-09,7.22,7.23,5.8,6.0,676100,0,0
2016-08-10,5.72,6.33,5.72,5.82,55800,0,0
2016-08-11,5.8,6.09,5.64,6.02,78100,0,0
2016-08-12,5.99,6.019,5.75,5.76,39000,0,0
2016-08-15,5.75,6.0,5.68,5.83,41000,0,0
2016-08-16,5.78,5.849,5.664,5.74,48900,0,0
2016-08-17,5.69,5.7,5.39,5.6,42300,0,0
2016-08-18,5.53,5.6,5.482,5.6,21400,0,0
2016-08-19,5.493,5.6,5.38,5.51,8000,0,0
2016-08-22,5.563,5.625,5.5,5.53,17500,0,0
2016-08-23,5.6,5.67,5.52,5.59,115200,0,0
2016-08-24,5.54,5.67,5.39,5.46,107100,0,0
2016-08-25,5.45,5.48,5.33,5.39,70700,0,0
2016-08-26,5.63,5.63,5.35,5.43,5200,0,0
2016-08-29,5.35,5.59,5.35,5.49,11900,0,0
2016-08-30,5.44,5.73,5.364,5.719,44900,0,0
2016-08-31,5.81,5.83,5.366,5.54,66200,0,0
2016-09-01,5.49,5.55,5.37,5.37,7700,0,0
2016-09-02,5.41,5.48,5.37,5.37,12100,0,0
2016-09-06,5.32,5.97,5.3,5.81,75000,0,0
2016-09-07,5.707,5.98,5.57,5.58,11200,0,0
2016-09-08,5.56,5.92,5.48,5.58,61300,0,0
2016-09-09,5.45,5.88,5.33,5.77,76100,0,0
2016-09-12,5.67,5.68,5.4,5.53,29400,0,0
2016-09-13,5.45,5.78,5.45,5.62,6400,0,0
2016-09-14,5.54,6.25,5.54,5.95,194900,0,0
2016-09-15,6.04,6.33,6.04,6.11,100200,0,0
2016-09-16,5.82,6.73,5.8,6.73,113700,0,0
2016-09-19,6.62,6.89,6.41,6.87,58100,0,0
2016-09-20,6.82,7.54,6.82,7.35,105200,0,0
2016-09-21,7.45,7.669,7.04,7.28,46500,0,0
2016-09-22,7.16,7.432,7.06,7.35,21200,0,0
2016-09-23,7.45,7.549,7.34,7.45,97200,0,0
2016-09-26,7.6,8.17,7.6,7.7,124900,0,0
2016-09-27,7.73,8.19,7.39,7.75,50700,0,0
2016-09-28,7.84,8.0,7.23,7.49,58000,0,0
2016-09-29,7.47,7.69,7.258,7.52,31300,0,0
2016-09-30,7.52,7.98,7.436,7.82,54100,0,0
2016-10-03,7.89,7.89,7.38,7.48,64500,0,0
2016-10-04,7.57,7.64,7.28,7.33,31100,0,0
2016-10-05,7.39,7.52,7.32,7.51,13500,0,0
2016-10-06,7.47,7.638,7.02,7.08,29600,0,0
2016-10-07,7.15,7.37,7.027,7.25,21500,0,0
2016-10-10,7.385,7.61,7.22,7.29,20700,0,0
2016-10-11,7.3,7.36,7.04,7.23,16900,0,0
2016-10-12,7.1,7.1,6.83,7.05,19900,0,0
2016-10-13,7.0,7.11,6.81,6.93,12900,0,0
2016-10-14,7.35,7.51,6.38,6.93,48000,0,0
2016-10-17,6.88,7.05,6.45,6.85,12700,0,0
2016-10-18,6.9,6.97,6.67,6.74,33700,0,0
2016-10-19,6.65,7.11,6.43,7.005,56600,0,0
2016-10-20,6.83,7.45,6.71,6.94,36000,0,0
2016-10-21,6.88,6.975,6.54,6.81,14500,0,0
2016-10-24,7.045,7.045,6.66,6.86,76800,0,0
2016-10-25,7.3,7.568,6.6,6.68,86900,0,0
2016-10-26,6.92,6.98,5.78,5.84,72300,0,0
2016-10-27,5.95,6.0,5.55,5.7,58800,0,0
2016-10-28,5.68,5.722,5.15,5.25,82900,0,0
2016-10-31,5.25,5.39,5.0,5.25,15600,0,0
2016-11-01,5.3,5.45,5.25,5.4,17700,0,0
2016-11-02,5.4,5.45,5.3,5.3,6900,0,0
2016-11-03,5.2,5.39,5.11,5.2,11300,0,0
2016-11-04,5.2,5.5,5.2,5.3,13100,0,0
2016-11-07,5.4,6.0,5.4,5.95,39400,0,0
2016-11-08,6.05,6.25,5.6,6.15,27200,0,0
2016-11-09,6.2,6.445,6.05,6.2,23800,0,0
2016-11-10,6.35,6.35,5.7,6.35,12000,0,0
2016-11-11,6.345,6.35,6.1,6.325,28600,0,0
2016-11-14,6.45,6.86,6.355,6.85,19600,0,0
2016-11-15,6.8,6.8,6.35,6.5,13400,0,0
2016-11-16,6.567,6.7,6.35,6.35,35300,0,0
2016-11-17,6.3,6.7,5.51,5.75,21000,0,0
2016-11-18,5.85,6.5,5.85,6.1,12400,0,0
2016-11-21,6.1,6.9,5.9,6.3,93400,0,0
2016-11-22,6.45,6.65,5.9,5.9,125300,0,0
2016-11-23,5.9,6.1,5.861,5.95,21300,0,0
2016-11-25,5.9,6.1,5.85,5.9,16500,0,0
2016-11-28,5.85,5.95,5.55,5.55,71800,0,0
2016-11-29,5.65,5.85,5.45,5.45,41600,0,0
2016-11-30,5.55,6.0,5.15,5.15,50900,0,0
2016-12-01,5.2,5.875,5.05,5.05,42300,0,0
2016-12-02,5.1,5.6,5.05,5.3,21000,0,0
2016-12-05,5.25,5.6,5.25,5.3,13400,0,0
2016-12-06,5.35,5.55,5.2,5.45,10000,0,0
2016-12-07,5.4,5.55,5.1,5.2,19100,0,0
2016-12-08,5.15,5.251,5.0,5.0,30800,0,0
2016-12-09,4.95,5.0,4.8,4.8,23300,0,0
2016-12-12,4.85,4.85,4.7,4.7,8400,0,0
2016-12-13,4.8,5.018,4.8,4.95,20500,0,0
2016-12-14,4.95,5.0,4.8,4.9,6100,0,0
2016-12-15,4.85,4.86,4.7,4.8,11400,0,0
2016-12-16,4.845,4.845,4.65,4.65,16400,0,0
2016-12-19,4.795,4.8,4.65,4.65,7500,0,0
2016-12-20,4.72,4.769,4.45,4.65,49200,0,0
2016-12-21,4.7,4.9,4.65,4.765,31600,0,0
2016-12-22,4.92,4.92,4.7,4.7,9600,0,0
2016-12-23,4.7,4.85,4.6,4.85,13100,0,0
2016-12-27,4.8,4.9,4.8,4.8,5200,0,0
2016-12-28,4.85,5.0,4.817,5.0,7400,0,0
2016-12-29,4.9,4.929,4.8,4.8,5900,0,0
2016-12-30,5.05,5.35,5.0,5.35,11300,0,0
2017-01-03,5.35,5.485,4.659,5.1,8000,0,0
2017-01-04,5.2,5.45,5.15,5.15,22700,0,0
2017-01-05,5.176,5.3,4.93,5.3,7500,0,0
2017-01-06,5.25,5.5,4.65,5.45,20400,0,0
2017-01-09,5.5,5.5,5.15,5.15,9300,0,0
2017-01-10,5.2,5.35,5.15,5.25,6800,0,0
2017-01-11,5.3,5.4,5.3,5.3,4400,0,0
2017-01-12,5.3,5.3,5.05,5.2,22600,0,0
2017-01-13,5.384,5.5,5.25,5.35,8900,0,0
2017-01-17,5.387,5.4,5.15,5.15,900,0,0
2017-01-18,5.25,5.3,5.2,5.3,3800,0,0
2017-01-19,5.3,5.3,5.3,5.3,0,0,0
2017-01-20,5.45,5.75,5.368,5.75,23200,0,0
2017-01-23,5.8,5.8,5.4,5.55,11900,0,0
2017-01-24,5.45,5.885,5.45,5.7,2700,0,0
2017-01-25,5.9,5.9,5.55,5.65,26100,0,0
2017-01-26,5.65,5.85,5.477,5.7,48400,0,0
2017-01-27,5.75,5.9,5.55,5.9,31600,0,0
2017-01-30,5.85,5.85,5.3,5.6,17400,0,0
2017-01-31,5.45,5.535,5.1,5.45,26100,0,0
2017-02-01,5.35,5.4,5.35,5.35,1300,0,0
2017-02-02,5.45,5.5,5.25,5.35,14700,0,0
2017-02-03,5.26,5.35,4.8,5.0,63400,0,0
2017-02-06,4.9,5.15,4.75,4.8,24600,0,0
2017-02-07,4.65,5.15,4.4,5.0,56700,0,0
2017-02-08,5.1,5.15,4.8,4.85,35800,0,0
2017-02-09,4.85,5.1,4.688,4.7,28300,0,0
2017-02-10,4.85,4.85,4.1,4.7,77000,0,0
2017-02-13,4.65,4.879,4.65,4.74,22400,0,0
2017-02-14,4.65,4.7,4.5,4.5,723600,0,0
2017-02-15,4.55,4.85,4.5,4.85,171700,0,0
2017-02-16,4.95,5.2,4.85,4.95,77300,0,0
2017-02-17,4.9,5.15,4.9,5.1,11400,0,0
2017-02-21,5.15,5.15,4.94,5.05,31200,0,0
2017-02-22,5.05,5.15,5.0,5.0,89000,0,0
2017-02-23,5.05,5.05,4.85,5.05,56500,0,0
2017-02-24,4.95,5.05,4.9,4.9,35400,0,0
2017-02-27,4.95,5.15,4.9,4.95,112400,0,0
2017-02-28,4.85,5.1,4.85,4.95,39200,0,0
2017-03-01,5.1,5.1,4.805,4.95,43800,0,0
2017-03-02,5.05,5.1,4.95,5.1,46000,0,0
2017-03-03,5.1,5.1,5.0,5.1,38100,0,0
2017-03-06,5.1,5.2,5.0,5.0,38100,0,0
2017-03-07,5.05,5.05,4.8,4.9,53800,0,0
2017-03-08,4.95,5.1,4.8,5.05,41300,0,0
2017-03-09,5.05,5.3,5.0,5.2,47900,0,0
2017-03-10,5.25,5.3,5.15,5.25,15200,0,0
2017-03-13,5.35,5.4,5.25,5.3,15700,0,0
2017-03-14,5.25,5.35,5.15,5.2,19100,0,0
2017-03-15,5.4,5.463,5.2,5.35,24600,0,0
2017-03-16,5.2,5.35,5.15,5.15,9500,0,0
2017-03-17,5.2,5.3,5.1,5.3,26900,0,0
2017-03-20,5.35,5.395,5.25,5.25,10600,0,0
2017-03-21,5.2,5.3,4.858,4.95,50000,0,0
2017-03-22,5.14,5.14,4.925,5.0,12100,0,0
2017-03-23,4.95,5.05,4.9,4.946,2900,0,0
2017-03-24,4.9,5.05,4.85,5.05,9300,0,0
2017-03-27,5.05,5.2,5.0,5.05,13900,0,0
2017-03-28,5.05,5.15,4.9,5.0,12100,0,0
2017-03-29,5.1,5.182,5.05,5.15,8900,0,0
2017-03-30,5.1,5.15,4.9,5.05,38600,0,0
2017-03-31,5.05,5.05,4.9,5.0,20000,0,0
2017-04-03,5.05,5.55,5.0,5.25,68700,0,0
2017-04-04,5.15,5.3,5.1,5.2,18400,0,0
2017-04-05,5.15,5.25,4.95,4.95,22000,0,0
2017-04-06,5.01,5.2,4.9,5.0,6000,0,0
2017-04-07,4.95,5.1,4.95,5.1,12100,0,0
2017-04-10,5.05,5.05,4.9,4.9,4800,0,0
2017-04-11,4.95,5.05,4.9,4.9,6000,0,0
2017-04-12,5.0,5.0,4.8,5.0,6600,0,0
2017-04-13,4.95,4.95,4.75,4.835,6800,0,0
2017-04-17,4.798,4.984,4.75,4.85,8200,0,0
2017-04-18,4.945,4.945,4.75,4.8,16800,0,0
2017-04-19,4.91,5.3,4.8,5.2,183100,0,0
2017-04-20,5.5,5.645,4.2,4.35,1832900,0,0
2017-04-21,4.45,4.55,4.35,4.4,263200,0,0
2017-04-24,4.45,4.45,3.98,4.1,256300,0,0
2017-04-25,4.2,4.5,4.2,4.3,238800,0,0
2017-04-26,4.35,4.45,4.3,4.4,94800,0,0
2017-04-27,4.3,4.45,4.25,4.35,35900,0,0
2017-04-28,4.35,4.35,4.2,4.35,51200,0,0
2017-05-01,4.3,4.35,4.25,4.35,24700,0,0
2017-05-02,4.3,4.35,3.975,4.15,284900,0,0
2017-05-03,4.15,4.2,4.1,4.125,55500,0,0
2017-05-04,4.1,4.15,3.95,4.05,96400,0,0
2017-05-05,4.05,4.05,3.95,3.95,33300,0,0
2017-05-08,4.0,4.05,3.95,3.95,50900,0,0
2017-05-09,4.0,4.1,3.8,4.05,44600,0,0
2017-05-10,4.05,4.1,4.0,4.1,30300,0,0
2017-05-11,4.0,4.05,3.85,4.0,66700,0,0
2017-05-12,4.02,4.1,3.85,3.95,30200,0,0
2017-05-15,4.05,4.15,4.0,4.15,28800,0,0
2017-05-16,4.15,4.25,4.078,4.25,57400,0,0
2017-05-17,4.25,4.55,4.05,4.45,112400,0,0
2017-05-18,4.35,4.6,4.336,4.4,37000,0,0
2017-05-19,4.395,4.55,4.31,4.45,63600,0,0
2017-05-22,4.4,4.45,4.3,4.35,59100,0,0
2017-05-23,4.35,4.7,4.25,4.6,158200,0,0
2017-05-24,4.65,4.7,4.5,4.625,66400,0,0
2017-05-25,4.65,4.8,4.65,4.75,89000,0,0
2017-05-26,4.7,4.8,4.667,4.75,42200,0,0
2017-05-30,4.8,5.1,4.8,4.9,188500,0,0
2017-05-31,5.0,5.05,4.75,5.05,85800,0,0
2017-06-01,5.2,5.45,5.05,5.3,93800,0,0
2017-06-02,5.3,5.475,5.25,5.45,198500,0,0
2017-06-05,5.25,5.25,4.85,5.2,99200,0,0
2017-06-06,5.25,5.35,5.125,5.25,68200,0,0
2017-06-07,5.25,5.45,5.15,5.25,139000,0,0
2017-06-08,5.3,5.4,5.15,5.15,115300,0,0
2017-06-09,5.15,5.15,4.95,5.05,163500,0,0
2017-06-12,5.1,5.35,5.025,5.05,60600,0,0
2017-06-13,5.1,5.25,5.05,5.1,54200,0,0
2017-06-14,4.25,4.655,4.175,4.65,460900,0,0
2017-06-15,4.6,4.65,4.0,4.15,132200,0,0
2017-06-16,4.1,4.45,4.1,4.3,79600,0,0
2017-06-19,4.45,4.55,4.35,4.45,95800,0,0
2017-06-20,4.5,4.5,4.25,4.25,45800,0,0
2017-06-21,4.3,4.3,4.15,4.2,74100,0,0
2017-06-22,4.2,4.35,4.2,4.25,24300,0,0
2017-06-23,4.319,4.4,4.2,4.4,11000,0,0
2017-06-26,4.35,4.65,4.305,4.45,69800,0,0
2017-06-27,4.5,4.6,4.35,4.45,35400,0,0
2017-06-28,4.5,4.65,4.45,4.5,32400,0,0
2017-06-29,4.5,4.65,4.465,4.55,8200,0,0
2017-06-30,4.55,4.7,4.5,4.65,311300,0,0
2017-07-03,4.65,4.75,4.55,4.7,7700,0,0
2017-07-05,4.7,4.8,4.7,4.7,16800,0,0
2017-07-06,4.85,4.85,4.7,4.7,36000,0,0
2017-07-07,4.85,4.9,4.7,4.9,66300,0,0
2017-07-10,5.0,5.1,4.7,4.9,49200,0,0
2017-07-11,4.85,4.95,4.75,4.85,41000,0,0
2017-07-12,4.9,5.0,4.9,4.9,17600,0,0
2017-07-13,4.8,5.1,4.8,5.0,18000,0,0
2017-07-14,5.05,5.1,4.9,4.95,21100,0,0
2017-07-17,4.9,5.1,4.75,4.85,31400,0,0
2017-07-18,5.0,5.0,4.7,4.75,15000,0,0
2017-07-19,4.85,4.979,4.7,4.875,46900,0,0
2017-07-20,4.85,4.85,4.61,4.781,16300,0,0
2017-07-21,4.85,4.85,4.6,4.75,21600,0,0
2017-07-24,4.75,4.85,4.6,4.7,47000,0,0
2017-07-25,4.75,4.8,4.65,4.65,19800,0,0
2017-07-26,4.6,5.05,4.6,4.95,78800,0,0
2017-07-27,5.0,5.1,4.7,4.75,74800,0,0
2017-07-28,4.8,4.95,4.7,4.9,26600,0,0
2017-07-31,4.85,4.95,4.65,4.75,17800,0,0
2017-08-01,4.8,4.8,4.4,4.7,74800,0,0
2017-08-02,4.65,4.7,4.495,4.65,21100,0,0
2017-08-03,4.55,4.6,4.35,4.4,23400,0,0
2017-08-04,4.4,4.55,4.35,4.4,16300,0,0
2017-08-07,4.25,4.7,4.25,4.7,28800,0,0
2017-08-08,4.7,4.75,4.318,4.45,41200,0,0
2017-08-09,4.45,4.5,4.264,4.35,7900,0,0
2017-08-10,4.35,4.45,4.2,4.45,23500,0,0
2017-08-11,4.5,4.5,4.15,4.4,9300,0,0
2017-08-14,4.4,4.4,4.275,4.3,17900,0,0
2017-08-15,4.25,4.25,4.1,4.15,17300,0,0
2017-08-16,4.25,4.35,4.0,4.25,18800,0,0
2017-08-17,4.3,4.35,4.2,4.3,5400,0,0
2017-08-18,4.25,4.25,4.2,4.25,7700,0,0
2017-08-21,4.25,4.25,3.9,3.9,34800,0,0
2017-08-22,4.0,4.15,4.0,4.15,13100,0,0
2017-08-23,4.06,4.15,4.05,4.1,9600,0,0
2017-08-24,4.1,4.2,4.05,4.175,11500,0,0
2017-08-25,4.1,4.25,4.1,4.2,19900,0,0
2017-08-28,4.15,4.34,4.15,4.2,37100,0,0
2017-08-29,4.1,4.3,4.1,4.3,11200,0,0
2017-08-30,4.25,4.3,4.25,4.25,9900,0,0
2017-08-31,4.05,4.2,4.05,4.15,23500,0,0
2017-09-01,4.25,4.3,4.055,4.3,21300,0,0
2017-09-05,4.35,4.4,4.155,4.3,14900,0,0
2017-09-06,4.25,4.25,4.05,4.05,23500,0,0
2017-09-07,4.05,4.274,4.0,4.2,17100,0,0
2017-09-08,4.3,4.3,4.1,4.15,30000,0,0
2017-09-11,4.218,4.25,4.188,4.2,21200,0,0
2017-09-12,6.9,7.3,5.6,5.65,11196200,0,0
2017-09-13,6.35,6.6,6.1,6.35,2811500,0,0
2017-09-14,6.8,11.045,6.6,10.8,10131500,0,0
2017-09-15,9.8,11.9,8.15,8.9,6112100,0,0
2017-09-18,8.8,9.55,8.55,9.1,992800,0,0
2017-09-19,7.6,7.9,7.0,7.25,6087800,0,0
2017-09-20,7.25,7.75,7.119,7.6,1689800,0,0
2017-09-21,7.75,9.05,7.705,7.95,3226400,0,0
2017-09-22,8.2,8.65,7.9,8.05,1303300,0,0
2017-09-25,8.05,8.277,7.6,7.65,621700,0,0
2017-09-26,7.8,8.0,7.15,7.2,653800,0,0
2017-09-27,7.3,7.695,7.05,7.3,415900,0,0
2017-09-28,7.45,7.767,7.1,7.3,436600,0,0
2017-09-29,7.35,7.5,7.1,7.2,555700,0,0
2017-10-02,7.15,7.4,7.068,7.35,500100,0,0
2017-10-03,7.5,7.7,7.25,7.5,478500,0,0
2017-10-04,7.45,7.883,7.31,7.65,438100,0,0
2017-10-05,7.7,7.945,7.45,7.75,229800,0,0
2017-10-06,7.75,7.9,7.3,7.35,394300,0,0
2017-10-09,7.3,7.75,7.25,7.75,278700,0,0
2017-10-10,7.9,8.3,7.45,7.7,526200,0,0
2017-10-11,7.65,7.71,7.2,7.55,493300,0,0
2017-10-12,7.45,7.475,7.2,7.3,181300,0,0
2017-10-13,7.3,7.39,7.0,7.175,230700,0,0
2017-10-16,7.15,7.2,6.8,7.0,219100,0,0
2017-10-17,6.95,7.0,6.425,6.65,340800,0,0
2017-10-18,6.6,6.85,6.45,6.45,187300,0,0
2017-10-19,6.5,6.95,6.25,6.75,220500,0,0
2017-10-20,6.85,7.095,6.65,6.75,156200,0,0
2017-10-23,6.7,6.85,6.25,6.35,189700,0,0
2017-10-24,6.25,6.35,5.75,6.2,324700,0,0
2017-10-25,6.9,7.35,6.2,6.4,991800,0,0
2017-10-26,6.4,6.6,6.15,6.25,228300,0,0
2017-10-27,6.25,6.45,6.072,6.35,163800,0,0
2017-10-30,6.45,6.5,6.1,6.25,133600,0,0
2017-10-31,6.2,6.35,6.069,6.3,101500,0,0
2017-11-01,6.3,6.45,6.2,6.3,51600,0,0
2017-11-02,6.25,6.4,6.0,6.1,160300,0,0
2017-11-03,6.0,6.3,5.95,6.2,106900,0,0
2017-11-06,6.25,6.3,6.05,6.1,67500,0,0
2017-11-07,6.05,6.133,5.85,5.95,151500,0,0
2017-11-08,5.85,5.95,5.75,5.8,124000,0,0
2017-11-09,5.8,5.9,5.55,5.7,232100,0,0
2017-11-10,5.7,6.25,5.65,5.95,126900,0,0
2017-11-13,6.0,6.15,5.85,6.0,75500,0,0
2017-11-14,5.95,6.05,5.75,6.05,105100,0,0
2017-11-15,6.05,6.3,5.9,6.2,109200,0,0
2017-11-16,6.2,6.3,6.0,6.1,85200,0,0
2017-11-17,6.15,6.3,6.1,6.15,38300,0,0
2017-11-20,6.15,6.4,6.15,6.25,91500,0,0
2017-11-21,6.25,6.4,6.0,6.1,114600,0,0
2017-11-22,6.141,6.45,6.0,6.35,93600,0,0
2017-11-24,6.4,6.55,6.3,6.4,66000,0,0
2017-11-27,6.35,7.0,6.241,6.85,303300,0,0
2017-11-28,6.85,7.075,6.4,6.8,135300,0,0
2017-11-29,6.9,6.9,6.45,6.8,70600,0,0
2017-11-30,6.75,6.89,6.55,6.65,75800,0,0
2017-12-01,6.65,6.7,6.3,6.5,87400,0,0
2017-12-04,6.5,6.6,6.363,6.45,54500,0,0
2017-12-05,6.45,6.5,6.31,6.4,72800,0,0
2017-12-06,6.3,6.45,6.2,6.4,99100,0,0
2017-12-07,6.35,6.6,6.25,6.5,64200,0,0
2017-12-08,6.5,6.95,6.472,6.95,161800,0,0
2017-12-11,7.0,7.1,6.6,6.8,49600,0,0
2017-12-12,6.85,6.9,6.425,6.6,92600,0,0
2017-12-13,6.5,6.64,6.4,6.5,38200,0,0
2017-12-14,6.5,6.65,6.45,6.5,32400,0,0
2017-12-15,6.55,6.65,6.4,6.45,79600,0,0
2017-12-18,6.45,6.563,6.3,6.45,86900,0,0
2017-12-19,6.25,6.583,6.25,6.45,40800,0,0
2017-12-20,6.45,6.478,6.25,6.35,52500,0,0
2017-12-21,6.3,6.45,6.2,6.4,50800,0,0
2017-12-22,6.273,6.7,6.25,6.7,62300,0,0
2017-12-26,6.7,7.1,6.65,6.9,154200,0,0
2017-12-27,6.9,7.25,6.75,6.75,106200,0,0
2017-12-28,6.9,6.94,6.5,6.55,69100,0,0
2017-12-29,6.55,6.9,6.55,6.8,71100,0,0
2018-01-02,6.9,7.1,6.8,7.0,117200,0,0
2018-01-03,7.0,7.1,6.9,7.0,46900,0,0
2018-01-04,7.1,7.15,6.85,7.15,74100,0,0
2018-01-05,7.1,7.15,6.85,7.1,61000,0,0
2018-01-08,7.1,7.1,6.55,6.55,277300,0,0
2018-01-09,6.59,6.65,6.5,6.65,76500,0,0
2018-01-10,6.65,6.85,6.35,6.75,178900,0,0
2018-01-11,6.8,7.0,6.6,6.9,148700,0,0
2018-01-12,6.75,6.85,6.5,6.85,32900,0,0
2018-01-16,6.9,7.04,6.5,6.6,78300,0,0
2018-01-17,6.6,6.9,6.6,6.65,41000,0,0
2018-01-18,6.65,6.8,6.55,6.65,59500,0,0
2018-01-19,6.65,7.0,6.6,6.9,102000,0,0
2018-01-22,6.9,7.45,6.85,7.4,253700,0,0
2018-01-23,7.45,7.75,7.0,7.2,319300,0,0
2018-01-24,7.4,7.45,7.125,7.35,88100,0,0
2018-01-25,7.3,7.45,7.15,7.25,41100,0,0
2018-01-26,7.4,7.55,7.25,7.45,96000,0,0
2018-01-29,7.6,7.638,7.403,7.6,183200,0,0
2018-01-30,7.55,7.667,7.45,7.575,80100,0,0
2018-01-31,7.65,7.65,7.11,7.475,128900,0,0
2018-02-01,7.4,7.69,7.4,7.5,145300,0,0
2018-02-02,7.545,7.59,7.05,7.1,118500,0,0
2018-02-05,7.0,7.1,6.55,6.75,92700,0,0
2018-02-06,6.65,6.85,6.45,6.75,80200,0,0
2018-02-07,6.75,7.1,6.7,7.025,45500,0,0
2018-02-08,7.1,7.15,6.75,6.75,32500,0,0
2018-02-09,6.8,6.89,6.25,6.8,112800,0,0
2018-02-12,6.9,7.05,6.65,7.0,40700,0,0
2018-02-13,7.0,7.1,6.94,7.0,55900,0,0
2018-02-14,7.05,7.25,6.51,7.1,93200,0,0
2018-02-15,7.2,7.3,6.9,7.1,53000,0,0
2018-02-16,7.05,7.3,7.0,7.25,40900,0,0
2018-02-20,7.25,7.34,7.05,7.1,24500,0,0
2018-02-21,7.22,7.52,7.1,7.5,104300,0,0
2018-02-22,7.5,7.6,7.35,7.449,66100,0,0
2018-02-23,7.6,7.65,7.4,7.6,93500,0,0
2018-02-26,7.55,7.75,7.55,7.7,97300,0,0
2018-02-27,7.95,8.9,7.385,8.65,454800,0,0
2018-02-28,8.55,8.95,7.841,8.25,223400,0,0
2018-03-01,8.25,8.517,8.0,8.35,96300,0,0
2018-03-02,8.25,8.45,7.95,8.4,68900,0,0
2018-03-05,8.4,8.55,8.36,8.5,78500,0,0
2018-03-06,8.55,8.8,8.4,8.6,62100,0,0
2018-03-07,8.71,8.85,8.419,8.55,112400,0,0
2018-03-08,8.55,8.71,8.35,8.65,74600,0,0
2018-03-09,8.8,8.8,8.677,8.8,75700,0,0
2018-03-12,8.75,8.94,8.7,8.9,108900,0,0
2018-03-13,8.9,8.95,8.735,8.85,101200,0,0
2018-03-14,8.9,8.95,8.65,8.85,100300,0,0
2018-03-15,8.85,8.95,8.56,8.75,53300,0,0
2018-03-16,8.586,8.7,8.35,8.5,112800,0,0
2018-03-19,8.4,8.5,8.2,8.45,48200,0,0
2018-03-20,8.35,8.545,8.15,8.15,44700,0,0
2018-03-21,8.25,8.35,8.1,8.3,55500,0,0
2018-03-22,8.3,8.5,8.134,8.2,85500,0,0
2018-03-23,8.3,8.3,7.85,8.0,79300,0,0
2018-03-26,8.1,8.35,7.849,8.35,66900,0,0
2018-03-27,8.35,8.35,7.7,7.85,98300,0,0
2018-03-28,7.9,8.39,7.45,8.15,150800,0,0
2018-03-29,8.15,8.15,7.25,7.5,201600,0,0
2018-04-02,7.5,7.5,7.0,7.0,89400,0,0
2018-04-03,7.1,7.2,6.9,6.95,65000,0,0
2018-04-04,6.8,7.2,6.8,7.2,52200,0,0
2018-04-05,7.15,7.4,7.05,7.05,50600,0,0
2018-04-06,7.0,7.35,6.85,7.0,62300,0,0
2018-04-09,7.0,7.15,6.85,6.95,36700,0,0
2018-04-10,6.95,7.1,6.9,7.05,47000,0,0
2018-04-11,6.95,7.2,6.9,7.05,60500,0,0
2018-04-12,7.05,7.4,7.0,7.05,56000,0,0
2018-04-13,7.2,7.2,6.9,7.1,51000,0,0
2018-04-16,7.05,7.35,6.95,7.0,30100,0,0
2018-04-17,7.05,7.24,6.95,7.05,68100,0,0
2018-04-18,7.1,7.25,7.05,7.15,38100,0,0
2018-04-19,7.15,7.175,7.0,7.05,45400,0,0
2018-04-20,7.055,7.15,6.875,7.0,53200,0,0
2018-04-23,7.0,7.25,6.9,7.15,75900,0,0
2018-04-24,7.2,7.35,6.85,7.0,111400,0,0
2018-04-25,6.95,7.2,6.85,7.2,50000,0,0
2018-04-26,7.145,7.45,7.1,7.35,105200,0,0
2018-04-27,7.4,8.0,7.2,8.0,641700,0,0
2018-04-30,7.95,8.19,7.69,7.85,97600,0,0
2018-05-01,7.9,8.15,7.7,7.85,59800,0,0
2018-05-02,7.85,8.1,7.85,8.0,90400,0,0
2018-05-03,7.95,8.2,7.8,7.95,52300,0,0
2018-05-04,7.934,8.0,7.55,7.9,46700,0,0
2018-05-07,7.9,8.1,7.75,7.8,39900,0,0
2018-05-08,7.8,8.05,7.725,8.05,57500,0,0
2018-05-09,8.008,8.1,7.85,8.1,70200,0,0
2018-05-10,7.9,8.4,7.75,7.75,68700,0,0
2018-05-11,7.8,8.3,7.75,8.3,101500,0,0
2018-05-14,8.35,8.8,8.15,8.65,182700,0,0
2018-05-15,8.0,8.75,8.0,8.45,70100,0,0
2018-05-16,8.55,8.95,8.25,8.9,118500,0,0
2018-05-17,8.9,9.275,8.867,9.175,220000,0,0
2018-05-18,9.3,9.3,8.5,8.8,90600,0,0
2018-05-21,8.8,8.95,8.35,8.475,58600,0,0
2018-05-22,8.49,8.75,8.45,8.65,37300,0,0
2018-05-23,8.5,8.75,8.41,8.7,133300,0,0
2018-05-24,8.75,8.8,8.6,8.725,100200,0,0
2018-05-25,8.85,8.95,8.4,8.65,120100,0,0
2018-05-29,8.6,8.6,8.15,8.25,65300,0,0
2018-05-30,8.4,8.6,8.275,8.3,56200,0,0
2018-05-31,8.4,8.45,8.25,8.4,61400,0,0
2018-06-01,8.5,8.5,8.05,8.1,95400,0,0
2018-06-04,8.15,8.4,8.1,8.3,72800,0,0
2018-06-05,8.35,8.5,8.25,8.4,49300,0,0
2018-06-06,8.402,8.5,8.35,8.4,47200,0,0
2018-06-07,8.4,8.525,8.15,8.35,77900,0,0
2018-06-08,8.35,8.55,8.25,8.45,65200,0,0
2018-06-11,8.4,8.5,8.25,8.4,67800,0,0
2018-06-12,8.45,8.7,8.408,8.6,144600,0,0
2018-06-13,8.55,8.7,8.45,8.5,83600,0,0
2018-06-14,8.6,8.7,8.6,8.65,129100,0,0
2018-06-15,8.7,8.95,8.7,8.85,120100,0,0
2018-06-18,8.75,8.9,8.6,8.65,124100,0,0
2018-06-19,8.65,8.8,8.55,8.6,101300,0,0
2018-06-20,8.9,8.9,8.3,8.425,154000,0,0
2018-06-21,8.5,8.65,8.2,8.5,137800,0,0
2018-06-22,8.5,8.65,8.3,8.55,1668900,0,0
2018-06-25,8.6,8.65,8.1,8.2,73200,0,0
2018-06-26,8.35,8.53,8.15,8.475,97900,0,0
2018-06-27,8.5,8.5,7.9,8.05,81900,0,0
2018-06-28,8.1,8.2,7.8,8.15,61200,0,0
2018-06-29,8.1,8.257,7.8,7.95,78000,0,0
2018-07-02,8.0,8.2,7.75,8.05,36700,0,0
2018-07-03,8.15,8.3,7.9,8.05,32300,0,0
2018-07-05,8.0,8.25,7.8,8.2,77200,0,0
2018-07-06,8.15,8.35,8.05,8.2,45300,0,0
2018-07-09,8.3,8.35,8.05,8.25,66600,0,0
2018-07-10,8.3,8.333,8.15,8.2,116400,0,0
2018-07-11,8.2,8.4,8.15,8.275,115900,0,0
2018-07-12,8.35,8.4,8.25,8.4,54700,0,0
2018-07-13,8.4,8.55,8.35,8.55,100300,0,0
2018-07-16,8.5,8.55,7.75,7.95,106700,0,0
2018-07-17,7.9,8.1,7.85,8.05,64100,0,0
2018-07-18,8.05,8.2,7.8,8.05,53100,0,0
2018-07-19,8.05,8.15,8.0,8.05,41300,0,0
2018-07-20,8.05,8.1,7.9,7.9,44100,0,0
2018-07-23,7.9,8.0,7.7,7.9,73900,0,0
2018-07-24,7.95,8.05,7.45,7.55,206200,0,0
2018-07-25,7.5,7.65,7.2,7.35,127300,0,0
2018-07-26,7.35,7.75,7.11,7.45,103700,0,0
2018-07-27,7.5,7.6,7.11,7.3,173600,0,0
2018-07-30,7.3,7.45,6.75,6.8,130000,0,0
2018-07-31,7.0,7.15,6.826,6.95,77200,0,0
2018-08-01,6.95,7.2,6.95,7.15,76700,0,0
2018-08-02,7.1,7.45,7.05,7.2,50100,0,0
2018-08-03,7.1,7.3,6.9,6.95,58700,0,0
2018-08-06,6.95,7.1,6.75,6.95,48100,0,0
2018-08-07,7.0,7.1,6.85,7.05,66000,0,0
2018-08-08,7.04,7.3,6.95,7.15,65600,0,0
2018-08-09,7.2,7.553,7.05,7.45,71400,0,0
2018-08-10,7.55,7.89,7.45,7.75,85100,0,0
2018-08-13,7.8,7.8,7.45,7.7,56000,0,0
2018-08-14,7.65,8.0,7.5,7.55,152900,0,0
2018-08-15,7.55,7.55,7.1,7.2,154100,0,0
2018-08-16,7.3,7.4,7.15,7.25,50200,0,0
2018-08-17,7.25,7.35,7.15,7.15,53900,0,0
2018-08-20,7.1,7.4,7.05,7.1,35100,0,0
2018-08-21,7.1,7.5,7.05,7.45,78800,0,0
2018-08-22,7.45,7.89,7.4,7.8,63500,0,0
2018-08-23,7.765,7.85,7.55,7.65,50300,0,0
2018-08-24,7.75,7.8,7.4,7.6,50200,0,0
2018-08-27,7.85,7.85,7.55,7.55,88600,0,0
2018-08-28,7.6,7.75,7.6,7.65,34200,0,0
2018-08-29,7.65,7.813,7.55,7.75,95100,0,0
2018-08-30,7.75,8.15,7.7,8.15,78500,0,0
2018-08-31,8.15,8.45,8.15,8.45,72800,0,0
2018-09-04,8.55,8.55,8.01,8.15,80200,0,0
2018-09-05,8.2,8.28,7.65,7.8,72600,0,0
2018-09-06,8.7,8.7,7.75,7.85,101100,0,0
2018-09-07,7.8,7.975,7.775,7.9,46200,0,0
2018-09-10,7.95,8.3,7.8,8.2,67000,0,0
2018-09-11,8.15,8.35,8.0,8.25,62800,0,0
2018-09-12,8.2,8.3,8.0,8.0,26400,0,0
2018-09-13,8.2,8.25,7.8,7.8,87100,0,0
2018-09-14,7.857,8.05,7.8,7.85,37600,0,0
2018-09-17,7.75,7.95,7.6,7.65,38500,0,0
2018-09-18,7.75,7.995,7.65,7.85,74400,0,0
2018-09-19,7.95,8.25,7.95,8.05,157200,0,0
2018-09-20,8.1,8.6,8.05,8.5,259800,0,0
2018-09-21,8.45,9.564,8.155,9.1,440800,0,0
2018-09-24,9.15,10.64,9.1,9.65,585200,0,0
2018-09-25,10.0,10.1,8.65,9.9,291700,0,0
2018-09-26,12.35,16.7,12.0,13.35,21268600,0,0
2018-09-27,13.55,14.9,13.255,14.35,4522900,0,0
2018-09-28,13.4,14.3,13.35,13.8,4310500,0,0
2018-10-01,13.81,13.99,12.77,13.05,1540200,0,0
2018-10-02,12.93,13.69,12.75,13.29,690400,0,0
2018-10-03,13.29,13.5,12.86,13.04,549700,0,0
2018-10-04,12.94,13.13,12.1,12.55,599600,0,0
2018-10-05,12.63,13.29,12.28,12.75,428400,0,0
2018-10-08,12.58,13.26,12.43,12.8,353300,0,0
2018-10-09,12.66,13.0,12.52,12.75,152900,0,0
2018-10-10,12.69,12.9,11.83,12.15,379500,0,0
2018-10-11,12.05,12.05,11.51,11.85,398200,0,0
2018-10-12,12.04,12.89,12.04,12.49,853600,0,0
2018-10-15,12.43,12.54,11.8,12.4,246700,0,0
2018-10-16,12.44,13.32,12.19,12.93,247700,0,0
2018-10-17,12.87,13.03,12.55,12.93,160900,0,0
2018-10-18,12.91,13.15,12.01,12.42,163700,0,0
2018-10-19,12.44,12.64,11.9,11.92,252000,0,0
2018-10-22,11.92,12.29,11.39,11.83,170600,0,0
2018-10-23,11.58,12.38,11.3,11.91,168700,0,0
2018-10-24,11.94,12.15,10.95,10.97,174200,0,0
2018-10-25,11.09,11.35,10.65,10.97,270000,0,0
2018-10-26,10.75,10.96,10.54,10.69,239300,0,0
2018-10-29,10.78,11.02,10.28,10.43,248000,0,0
2018-10-30,10.4,10.79,10.17,10.65,268300,0,0
2018-10-31,10.85,11.05,10.542,10.77,203400,0,0
2018-11-01,10.77,11.33,10.759,10.9,175900,0,0
2018-11-02,10.93,11.345,10.51,11.0,93800,0,0
2018-11-05,10.9,10.95,10.6,10.73,65500,0,0
2018-11-06,10.72,10.77,10.17,10.42,116900,0,0
2018-11-07,10.44,11.08,10.428,11.05,177000,0,0
2018-11-08,11.05,11.2,10.85,11.0,111600,0,0
2018-11-09,10.86,10.86,10.42,10.56,67600,0,0
2018-11-12,10.56,10.56,10.02,10.25,157600,0,0
2018-11-13,10.31,10.49,9.93,10.09,158300,0,0
2018-11-14,9.57,10.75,8.405,8.93,523500,0,0
2018-11-15,8.84,9.31,8.74,8.77,236400,0,0
2018-11-16,8.61,9.09,8.45,8.81,432300,0,0
2018-11-19,8.75,9.12,8.54,8.97,293700,0,0
2018-11-20,8.76,9.2,8.43,8.45,401600,0,0
2018-11-21,8.44,8.66,7.91,8.5,232700,0,0
2018-11-23,8.42,8.86,8.36,8.72,72000,0,0
2018-11-26,8.84,9.18,8.65,9.15,182800,0,0
2018-11-27,9.04,9.38,8.61,8.74,111300,0,0
2018-11-28,8.74,9.17,8.725,9.0,110700,0,0
2018-11-29,8.93,9.04,8.62,8.73,147500,0,0
2018-11-30,8.66,9.001,8.65,8.97,97700,0,0
2018-12-03,9.18,9.29,9.014,9.26,117900,0,0
2018-12-04,9.56,10.26,9.56,10.04,499600,0,0
2018-12-06,10.1,10.299,9.63,9.85,283700,0,0
2018-12-07,9.78,9.88,9.16,9.23,254700,0,0
2018-12-10,9.43,9.43,8.9,9.33,237400,0,0
2018-12-11,9.48,9.8,9.195,9.49,159300,0,0
2018-12-12,9.61,9.88,9.54,9.74,149000,0,0
2018-12-13,9.73,9.911,9.47,9.49,87400,0,0
2018-12-14,9.43,9.56,9.247,9.46,137600,0,0
2018-12-17,9.35,9.41,8.77,8.82,577700,0,0
2018-12-18,8.88,8.96,8.42,8.57,193100,0,0
2018-12-19,8.6,8.81,8.08,8.24,294500,0,0
2018-12-20,8.25,8.25,7.55,7.83,265200,0,0
2018-12-21,7.81,7.86,7.15,7.26,709300,0,0
2018-12-24,7.25,7.75,7.18,7.48,161000,0,0
2018-12-26,7.53,8.11,7.53,8.02,193700,0,0
2018-12-27,7.86,8.087,7.582,7.87,154100,0,0
2018-12-28,7.88,8.24,7.645,8.0,140800,0,0
2018-12-31,8.05,8.494,7.97,8.3,139300,0,0
2019-01-02,8.21,8.88,8.09,8.51,166900,0,0
2019-01-03,8.51,8.99,8.51,8.87,342500,0,0
2019-01-04,8.97,9.87,8.6,9.78,242300,0,0
2019-01-07,9.83,10.03,9.653,9.77,194100,0,0
2019-01-08,9.88,9.94,9.55,9.85,231500,0,0
2019-01-09,9.86,10.05,9.59,9.71,121800,0,0
2019-01-10,9.65,9.73,9.28,9.51,224000,0,0
2019-01-11,9.45,9.64,8.98,9.26,176800,0,0
2019-01-14,9.2,9.33,8.81,8.89,147500,0,0
2019-01-15,8.82,9.44,8.81,9.3,116500,0,0
2019-01-16,9.36,9.38,8.58,8.97,266500,0,0
2019-01-17,8.96,9.14,8.67,8.74,132800,0,0
2019-01-18,8.74,9.03,8.3,8.9,198000,0,0
2019-01-22,8.87,8.89,8.3,8.48,119400,0,0
2019-01-23,8.51,8.642,8.34,8.51,118900,0,0
2019-01-24,8.53,8.74,8.25,8.53,101500,0,0
2019-01-25,8.53,8.735,8.411,8.66,91200,0,0
2019-01-28,8.6,8.71,8.34,8.35,130400,0,0
2019-01-29,8.37,8.66,8.02,8.46,208500,0,0
2019-01-30,8.5,8.86,8.26,8.83,148900,0,0
2019-01-31,8.76,9.28,8.72,8.81,160000,0,0
2019-02-01,8.8,9.105,8.52,9.0,164600,0,0
2019-02-04,8.98,9.02,8.84,8.93,47400,0,0
2019-02-05,8.99,9.095,8.58,8.74,124800,0,0
2019-02-06,8.71,8.71,8.41,8.65,143400,0,0
2019-02-07,8.58,8.7,8.2,8.29,110600,0,0
2019-02-08,8.28,8.4,7.7,7.92,324400,0,0
2019-02-11,8.0,8.21,7.84,8.04,404200,0,0
2019-02-12,8.1,8.49,8.08,8.35,261600,0,0
2019-02-13,8.37,8.577,8.12,8.27,200400,0,0
2019-02-14,8.28,8.54,7.86,7.97,218600,0,0
2019-02-15,8.02,8.02,7.5,7.76,333800,0,0
2019-02-19,7.74,7.855,7.5,7.62,264800,0,0
2019-02-20,7.67,7.78,7.5,7.75,459100,0,0
2019-02-21,7.75,8.5,7.58,7.96,240700,0,0
2019-02-22,8.03,8.22,7.8,7.81,157600,0,0
2019-02-25,7.8,8.07,7.59,7.64,291300,0,0
2019-02-26,7.6,7.75,7.46,7.57,573800,0,0
2019-02-27,7.6,8.32,7.6,8.04,238900,0,0
2019-02-28,8.09,8.29,7.61,8.08,284400,0,0
2019-03-01,8.14,8.53,7.82,8.28,158400,0,0
2019-03-04,8.37,8.64,7.86,8.0,214100,0,0
2019-03-05,8.01,8.35,7.9,8.05,190400,0,0
2019-03-06,8.07,8.18,7.34,7.53,395400,0,0
2019-03-07,7.52,7.94,7.34,7.82,311100,0,0
2019-03-08,7.68,7.68,7.05,7.53,471900,0,0
2019-03-11,7.55,8.11,7.491,8.0,320200,0,0
2019-03-12,8.06,9.0,7.97,8.91,405300,0,0
2019-03-13,9.0,9.505,8.91,9.4,520000,0,0
2019-03-14,9.4,9.46,8.61,8.72,380400,0,0
2019-03-15,8.71,8.9,8.28,8.36,390100,0,0
2019-03-18,8.36,8.62,8.21,8.26,196900,0,0
2019-03-19,8.26,8.6,8.245,8.33,162000,0,0
2019-03-20,8.35,8.355,8.02,8.17,326600,0,0
2019-03-21,8.12,8.38,7.88,7.91,144900,0,0
2019-03-22,7.77,7.951,7.05,7.45,425000,0,0
2019-03-25,7.47,7.62,6.81,7.14,352200,0,0
2019-03-26,12.2,12.79,9.35,9.71,21772600,0,0
2019-03-27,9.49,9.63,9.02,9.37,2183000,0,0
2019-03-28,9.34,9.72,8.61,9.28,1312900,0,0
2019-03-29,9.38,9.525,8.89,9.03,606600,0,0
2019-04-01,9.04,9.217,8.62,8.68,478600,0,0
2019-04-02,8.68,8.8,8.51,8.6,391800,0,0
2019-04-03,8.6,9.11,8.34,8.74,466400,0,0
2019-04-04,8.75,8.98,8.6,8.76,248700,0,0
2019-04-05,8.78,9.07,8.69,9.0,248800,0,0
2019-04-08,8.99,9.05,8.53,8.63,256500,0,0
2019-04-09,8.62,8.65,8.32,8.32,294900,0,0
2019-04-10,8.51,8.79,8.37,8.56,296200,0,0
2019-04-11,8.56,8.6,8.25,8.32,286300,0,0
2019-04-12,8.42,8.45,8.16,8.18,249600,0,0
2019-04-15,8.12,8.17,7.96,8.05,253800,0,0
2019-04-16,8.1,8.11,7.85,7.86,360400,0,0
2019-04-17,7.89,7.964,7.461,7.69,535100,0,0
2019-04-18,7.69,7.82,7.543,7.76,259000,0,0
2019-04-22,7.69,7.81,7.65,7.71,198400,0,0
2019-04-23,7.71,8.235,7.7,8.2,242700,0,0
2019-04-24,8.18,8.31,7.97,8.1,180700,0,0
2019-04-25,8.08,8.29,7.99,8.14,202100,0,0
2019-04-26,8.14,8.31,8.07,8.3,165800,0,0
2019-04-29,8.34,8.47,8.19,8.305,219100,0,0
2019-04-30,8.31,8.42,8.16,8.27,168300,0,0
2019-05-01,8.31,8.348,8.0,8.03,185100,0,0
2019-05-02,7.99,8.147,7.84,8.005,191100,0,0
2019-05-03,7.94,8.11,7.795,8.1,137500,0,0
2019-05-06,7.96,8.35,7.94,8.28,111100,0,0
2019-05-07,8.19,8.33,8.02,8.11,110900,0,0
2019-05-08,8.1,8.22,7.96,7.98,93100,0,0
2019-05-09,7.76,8.14,7.75,8.03,208300,0,0
2019-05-10,7.9,7.93,7.65,7.75,262100,0,0
2019-05-13,7.6,7.71,7.35,7.43,237100,0,0
2019-05-14,7.5,7.71,7.4,7.42,171000,0,0
2019-05-15,7.35,7.5,7.18,7.42,173600,0,0
2019-05-16,7.42,7.545,7.21,7.36,325700,0,0
2019-05-17,7.26,7.47,7.24,7.3,136200,0,0
2019-05-20,7.19,7.24,7.1,7.12,155100,0,0
2019-05-21,7.2,7.43,7.12,7.31,165000,0,0
2019-05-22,7.28,7.47,7.12,7.28,150000,0,0
2019-05-23,7.18,7.21,7.02,7.13,124400,0,0
2019-05-24,7.15,7.41,7.115,7.33,142000,0,0
2019-05-28,7.33,7.37,7.12,7.16,131600,0,0
2019-05-29,7.12,7.17,6.98,7.08,226200,0,0
2019-05-30,7.06,7.22,6.92,6.99,140700,0,0
2019-05-31,6.86,7.023,6.76,6.97,105200,0,0
2019-06-03,6.96,7.08,6.68,6.72,157200,0,0
2019-06-04,6.82,7.09,6.73,7.06,256600,0,0
2019-06-05,7.12,7.17,6.77,6.86,103900,0,0
2019-06-06,6.91,6.96,6.57,6.71,185300,0,0
2019-06-07,6.71,6.873,6.5,6.83,211400,0,0
2019-06-10,6.84,6.99,6.83,6.88,134900,0,0
2019-06-11,6.92,6.92,6.58,6.67,90200,0,0
2019-06-12,6.68,6.841,6.54,6.63,155700,0,0
2019-06-13,6.7,6.78,6.56,6.75,259400,0,0
2019-06-14,6.72,6.78,6.343,6.54,482400,0,0
2019-06-17,6.55,6.81,6.54,6.66,214300,0,0
2019-06-18,6.71,7.08,6.65,6.84,335900,0,0
2019-06-19,6.89,7.22,6.89,7.07,256400,0,0
2019-06-20,7.15,7.334,6.87,7.0,169500,0,0
2019-06-21,6.93,7.59,6.91,7.42,337600,0,0
2019-06-24,7.45,7.515,7.03,7.085,229800,0,0
2019-06-25,5.2,6.24,4.99,6.21,3732800,0,0
2019-06-26,6.27,6.5,6.09,6.23,494600,0,0
2019-06-27,6.24,6.37,6.12,6.16,232000,0,0
2019-06-28,6.18,6.27,5.92,6.0,751600,0,0
2019-07-01,6.14,6.19,5.91,6.12,161000,0,0
2019-07-02,6.11,6.145,5.96,6.03,102800,0,0
2019-07-03,6.04,6.1,5.86,6.01,97200,0,0
2019-07-05,5.97,6.09,5.82,5.96,102400,0,0
2019-07-08,5.96,5.96,5.745,5.94,165500,0,0
2019-07-09,5.86,6.06,5.86,6.02,147100,0,0
2019-07-10,6.01,6.08,5.89,5.99,90700,0,0
2019-07-11,6.0,6.03,5.71,5.73,135100,0,0
2019-07-12,5.69,5.78,5.54,5.6,164000,0,0
2019-07-15,5.57,5.81,5.57,5.68,179100,0,0
2019-07-16,5.7,5.78,5.62,5.71,113400,0,0
2019-07-17,5.67,5.714,5.385,5.48,306600,0,0
2019-07-18,5.47,5.61,5.39,5.41,184100,0,0
2019-07-19,5.4,5.5,5.24,5.27,332300,0,0
2019-07-22,5.27,5.36,5.08,5.28,290700,0,0
2019-07-23,5.3,5.55,5.23,5.5,138400,0,0
2019-07-24,5.45,5.55,5.32,5.43,110300,0,0
2019-07-25,5.44,5.44,5.22,5.28,61800,0,0
2019-07-26,5.32,5.38,5.22,5.35,103300,0,0
2019-07-29,5.34,5.39,5.15,5.28,104500,0,0
2019-07-30,5.24,5.52,5.2,5.49,112700,0,0
2019-07-31,5.52,5.64,5.36,5.48,159200,0,0
2019-08-01,5.47,5.62,5.42,5.49,233100,0,0
2019-08-02,5.46,5.51,5.34,5.44,111400,0,0
2019-08-05,5.34,5.4,5.01,5.16,131900,0,0
2019-08-06,5.18,5.32,5.055,5.3,439500,0,0
2019-08-07,5.27,5.46,5.23,5.44,94500,0,0
2019-08-08,6.0,6.0,5.204,5.4,194800,0,0
2019-08-09,5.37,5.46,5.15,5.21,222900,0,0
2019-08-12,5.17,5.25,5.05,5.21,70300,0,0
2019-08-13,5.18,5.42,5.13,5.4,58900,0,0
2019-08-14,5.3,5.43,5.19,5.3,101300,0,0
2019-08-15,5.31,5.38,4.835,4.9,192700,0,0
2019-08-16,4.95,5.05,4.75,4.86,236200,0,0
2019-08-19,4.98,5.13,4.85,5.0,70500,0,0
2019-08-20,4.97,5.12,4.94,5.1,43800,0,0
2019-08-21,5.05,5.22,4.995,5.11,56400,0,0
2019-08-22,5.14,5.14,4.98,4.98,33200,0,0
2019-08-23,4.95,5.12,4.64,4.71,121100,0,0
2019-08-26,4.79,4.79,4.53,4.67,62000,0,0
2019-08-27,4.73,4.74,4.4,4.41,150700,0,0
2019-08-28,4.39,4.565,4.33,4.41,218600,0,0
2019-08-29,4.47,4.64,4.47,4.51,113500,0,0
2019-08-30,4.52,4.62,4.31,4.41,135900,0,0
2019-09-03,4.36,4.69,4.36,4.49,271600,0,0
2019-09-04,4.53,4.7,4.46,4.62,171000,0,0
2019-09-05,4.68,5.08,4.58,5.05,232800,0,0
2019-09-06,5.06,5.15,4.9,4.93,130200,0,0
2019-09-09,4.93,5.03,4.76,4.9,121900,0,0
2019-09-10,5.05,5.64,4.965,5.58,455200,0,0
2019-09-11,5.53,6.06,5.53,5.75,417500,0,0
2019-09-12,6.05,6.05,5.58,5.85,308800,0,0
2019-09-13,6.0,6.3,5.72,5.76,265200,0,0
2019-09-16,5.66,6.086,5.48,5.85,275000,0,0
2019-09-17,6.03,6.123,5.77,5.89,372100,0,0
2019-09-18,5.89,5.98,5.73,5.75,160200,0,0
2019-09-19,5.66,5.925,5.64,5.76,109800,0,0
2019-09-20,5.79,6.11,5.75,5.92,459500,0,0
2019-09-23,6.04,6.04,5.73,5.93,189700,0,0
2019-09-24,6.03,6.25,5.632,5.72,347400,0,0
2019-09-25,5.78,6.17,5.63,5.685,233000,0,0
2019-09-26,5.73,5.864,5.38,5.63,196700,0,0
2019-09-27,5.66,5.79,5.46,5.74,197000,0,0
2019-09-30,5.69,5.86,5.21,5.27,298900,0,0
2019-10-01,5.27,5.46,5.02,5.04,184200,0,0
2019-10-02,5.06,5.47,4.86,5.45,214900,0,0
2019-10-03,5.47,5.54,5.33,5.41,185800,0,0
2019-10-04,5.39,5.71,5.26,5.64,578100,0,0
2019-10-07,5.62,5.63,5.36,5.61,229000,0,0
2019-10-08,5.55,5.55,5.27,5.29,163900,0,0
2019-10-09,5.31,5.45,5.08,5.18,154100,0,0
2019-10-10,5.14,5.27,5.05,5.25,136200,0,0
2019-10-11,5.33,5.45,5.15,5.17,233300,0,0
2019-10-14,5.09,5.37,5.01,5.15,142800,0,0
2019-10-15,5.19,5.68,5.07,5.66,212700,0,0
2019-10-16,5.66,5.79,5.59,5.74,176500,0,0
2019-10-17,5.77,6.04,5.6,5.94,112100,0,0
2019-10-18,5.92,5.92,5.56,5.66,127400,0,0
2019-10-21,5.71,5.86,5.62,5.84,162700,0,0
2019-10-22,6.03,6.1,5.73,5.96,197200,0,0
2019-10-23,6.01,6.098,5.81,5.93,145300,0,0
2019-10-24,5.89,5.93,5.675,5.72,149400,0,0
2019-10-25,5.69,5.85,5.51,5.84,138500,0,0
2019-10-28,5.85,6.15,5.74,5.88,286000,0,0
2019-10-29,5.93,5.93,5.71,5.76,133900,0,0
2019-10-30,5.75,5.85,5.58,5.65,176600,0,0
2019-10-31,5.69,5.93,5.49,5.59,342700,0,0
2019-11-01,5.64,6.05,5.57,5.87,354200,0,0
2019-11-04,5.91,6.12,5.87,5.88,291500,0,0
2019-11-05,5.95,6.25,5.82,6.08,192600,0,0
2019-11-06,6.1,6.3,6.01,6.03,184600,0,0
2019-11-07,6.09,6.3,5.45,5.76,459500,0,0
2019-11-08,5.67,5.96,5.56,5.93,163900,0,0
2019-11-11,5.85,6.18,5.72,6.015,180600,0,0
2019-11-12,6.05,6.21,5.96,6.09,217300,0,0
2019-11-13,6.06,6.22,5.95,6.08,202400,0,0
2019-11-14,6.08,6.19,5.96,6.02,169700,0,0
2019-11-15,6.06,6.11,5.96,6.03,127300,0,0
2019-11-18,6.02,6.05,5.8,5.86,116600,0,0
2019-11-19,5.9,6.05,5.79,6.03,284700,0,0
2019-11-20,5.94,6.25,5.94,6.02,218900,0,0
2019-11-21,6.01,6.065,5.82,5.85,281800,0,0
2019-11-22,5.81,6.211,5.8,6.16,300700,0,0
2019-11-25,6.2,6.73,6.2,6.69,311300,0,0
2019-11-26,6.7,7.45,6.7,7.11,662100,0,0
2019-11-27,7.21,7.58,7.06,7.4,300100,0,0
2019-11-29,7.39,8.05,7.39,7.98,275600,0,0
2019-12-02,7.87,7.937,7.3,7.49,316600,0,0
2019-12-03,5.62,5.73,4.9,5.06,2681200,0,0
2019-12-04,5.07,5.2,4.61,4.77,1052300,0,0
2019-12-05,4.72,4.9,4.48,4.825,642400,0,0
2019-12-06,4.83,4.97,4.69,4.73,224900,0,0
2019-12-09,4.7,4.9,4.67,4.82,259500,0,0
2019-12-10,4.81,5.2,4.8,5.1,407600,0,0
2019-12-11,5.14,5.39,5.06,5.36,283100,0,0
2019-12-12,5.3,5.45,5.23,5.32,217500,0,0
2019-12-13,5.44,5.44,5.11,5.135,235500,0,0
2019-12-16,5.16,5.27,5.04,5.07,236400,0,0
2019-12-17,5.09,5.4,5.0,5.39,213400,0,0
2019-12-18,5.63,5.99,5.55,5.71,460900,0,0
2019-12-19,5.79,5.93,5.526,5.79,210200,0,0
2019-12-20,5.8,5.93,5.62,5.66,197400,0,0
2019-12-23,5.76,5.76,5.5,5.6,683100,0,0
2019-12-24,5.62,5.735,5.53,5.68,195800,0,0
2019-12-26,5.79,6.86,5.78,6.62,750900,0,0
2019-12-27,6.64,6.71,6.16,6.5,297400,0,0
2019-12-30,6.55,6.59,5.85,5.95,256500,0,0
2019-12-31,5.92,6.06,5.79,5.81,273700,0,0
2020-01-02,5.9,5.96,5.75,5.96,192700,0,0
2020-01-03,5.89,6.14,5.83,5.88,211200,0,0
2020-01-06,5.82,5.97,5.7,5.89,178400,0,0
2020-01-07,5.88,6.27,5.86,6.19,219500,0,0
2020-01-08,6.24,6.37,6.08,6.3,259800,0,0
2020-01-09,6.3,6.4,6.11,6.23,196000,0,0
2020-01-10,6.29,6.36,6.13,6.23,175100,0,0
2020-01-13,6.3,6.3,6.05,6.15,125900,0,0
2020-01-14,6.19,6.22,6.01,6.19,119400,0,0
2020-01-15,6.23,6.3,6.07,6.25,177700,0,0
2020-01-16,6.36,6.57,6.36,6.4,157400,0,0
2020-01-17,6.45,6.519,6.24,6.26,114300,0,0
2020-01-21,6.26,6.36,6.1,6.25,131600,0,0
2020-01-22,6.29,6.36,6.18,6.25,90000,0,0
2020-01-23,6.21,6.23,5.93,6.03,176500,0,0
2020-01-24,6.06,6.18,5.84,5.93,132400,0,0
2020-01-27,5.76,5.93,5.61,5.85,118200,0,0
2020-01-28,5.94,5.97,5.74,5.79,126800,0,0
2020-01-29,5.87,5.87,5.55,5.57,141000,0,0
2020-01-30,5.5,5.585,5.32,5.42,134900,0,0
2020-01-31,5.37,5.5,5.23,5.34,155900,0,0
2020-02-03,5.36,5.415,5.26,5.36,91300,0,0
2020-02-04,5.44,5.6,5.37,5.52,94200,0,0
2020-02-05,5.56,5.702,5.5,5.61,73700,0,0
2020-02-06,5.64,5.66,5.46,5.53,47900,0,0
2020-02-07,5.5,5.5,5.25,5.33,75400,0,0
2020-02-10,5.31,5.42,5.26,5.325,81900,0,0
2020-02-11,5.37,5.445,5.24,5.32,99900,0,0
2020-02-12,5.33,5.45,5.31,5.32,94400,0,0
2020-02-13,5.29,5.37,5.15,5.17,78200,0,0
2020-02-14,5.18,5.2,5.021,5.12,104400,0,0
2020-02-18,5.06,5.19,5.059,5.17,79900,0,0
2020-02-19,5.18,5.24,5.08,5.18,121500,0,0
2020-02-20,5.17,5.23,5.05,5.06,161500,0,0
2020-02-21,5.07,5.1,5.03,5.05,119700,0,0
2020-02-24,5.1,5.117,4.82,4.84,462600,0,0
2020-02-25,4.84,4.898,4.4,4.5,341700,0,0
2020-02-26,4.5,4.59,4.05,4.13,470600,0,0
2020-02-27,4.04,4.22,3.79,3.85,401900,0,0
2020-02-28,3.75,3.81,3.63,3.8,389700,0,0
2020-03-02,3.8,3.85,3.6,3.78,339600,0,0
2020-03-03,3.8,3.87,3.58,3.63,154100,0,0
2020-03-04,3.74,3.845,3.71,3.77,301000,0,0
2020-03-05,3.72,3.79,3.535,3.57,262100,0,0
2020-03-06,3.5,3.64,3.38,3.52,220600,0,0
2020-03-09,3.19,3.405,2.95,2.98,262199,0,0
