timestamp,open,high,close,low,volume,price_change,p_change,ma5,ma10,ma20,v_ma5,v_ma10,v_ma20,turnover
2020-02-26 13:55:00,5.72,5.72,5.7,5.69,3622.0,-0.02,-0.35,5.714,5.721,5.7155,2727.4,2719.45,2954.71,0.07
2020-02-26 14:00:00,5.7,5.7,5.69,5.68,2821.0,-0.01,-0.18,5.708,5.717,5.7155,2646.66,2788.15,3030.56,0.06
2020-02-26 14:05:00,5.69,5.72,5.7,5.69,1872.42,0.01,0.18,5.704,5.717,5.7175,2511.28,2639.59,2854.83,0.04
2020-02-26 14:10:00,5.7,5.71,5.66,5.66,7793.0,-0.04,-0.7,5.694,5.711,5.7155,3721.28,3079.94,3125.78,0.15
2020-02-26 14:15:00,5.66,5.69,5.68,5.66,4964.0,0.02,0.35,5.686,5.704,5.714,4214.48,3244.44,3128.79,0.1
2020-02-26 14:20:00,5.68,5.68,5.67,5.65,6263.0,-0.01,-0.18,5.68,5.697,5.712,4742.68,3735.04,3263.09,0.12
2020-02-26 14:25:00,5.67,5.7,5.69,5.65,3125.0,0.02,0.35,5.68,5.694,5.711,4803.48,3725.07,3223.99,0.06
2020-02-26 14:30:00,5.69,5.69,5.67,5.66,2439.7,-0.02,-0.35,5.674,5.689,5.708,4916.94,3714.11,3252.78,0.05
2020-02-26 14:35:00,5.67,5.67,5.66,5.65,3314.0,-0.01,-0.18,5.674,5.684,5.7055,4021.14,3871.21,3264.73,0.07
2020-02-26 14:40:00,5.66,5.66,5.64,5.61,6838.0,-0.02,-0.35,5.666,5.676,5.7,4395.94,4305.21,3526.88,0.14
2020-02-26 14:45:00,5.63,5.63,5.6,5.59,11068.0,-0.03,-0.53,5.652,5.666,5.6935,5356.94,5049.81,3884.63,0.22
2020-02-26 14:50:00,5.6,5.64,5.64,5.59,4520.76,0.04,0.71,5.642,5.661,5.689,5636.09,5219.79,4003.97,0.09
2020-02-26 14:55:00,5.64,5.64,5.63,5.62,8814.48,-0.01,-0.18,5.634,5.654,5.6855,6911.05,5913.99,4276.79,0.17
2020-02-26 15:00:00,5.63,5.63,5.6,5.6,4511.52,-0.03,-0.53,5.622,5.648,5.6795,7150.55,5585.85,4332.89,0.09
2020-02-27 09:35:00,5.62,5.69,5.62,5.6,12249.0,0.0,0.0,5.618,5.642,5.673,8232.75,6314.35,4779.39,0.24
2020-02-27 09:40:00,5.62,5.63,5.61,5.54,11589.7,-0.01,-0.18,5.62,5.636,5.6665,8337.09,6847.02,5291.03,0.23
2020-02-27 09:45:00,5.61,5.63,5.59,5.56,8308.0,-0.02,-0.36,5.61,5.626,5.66,9094.54,7365.32,5545.2,0.16
2020-02-27 09:50:00,5.6,5.63,5.61,5.58,6027.0,0.01,0.18,5.606,5.62,5.6545,8537.04,7724.05,5719.08,0.12
2020-02-27 09:55:00,5.61,5.62,5.61,5.6,6901.16,0.0,0.0,5.608,5.615,5.6495,9014.97,8082.76,5976.99,0.14
2020-02-27 10:00:00,5.6,5.62,5.57,5.57,4777.0,-0.03,-0.54,5.598,5.608,5.642,7520.57,7876.66,6090.94,0.09
2020-02-27 10:05:00,5.57,5.57,5.55,5.54,6221.0,-0.02,-0.36,5.586,5.603,5.6345,6446.83,7391.96,6220.89,0.12
2020-02-27 10:10:00,5.55,5.55,5.5,5.5,11185.1,-0.05,-0.9,5.568,5.589,5.625,7022.25,8058.4,6639.09,0.22
2020-02-27 10:15:00,5.5,5.51,5.5,5.47,9025.0,0.0,0.0,5.546,5.576,5.615,7621.85,8079.45,6996.72,0.18
2020-02-27 10:20:00,5.51,5.54,5.54,5.51,2899.0,0.03,0.54,5.532,5.57,5.609,6821.42,7918.2,6752.02,0.06
2020-02-27 10:25:00,5.54,5.57,5.55,5.53,3578.0,0.01,0.18,5.528,5.563,5.6025,6581.62,7051.1,6682.72,0.07
2020-02-27 10:30:00,5.55,5.56,5.54,5.53,2543.0,-0.01,-0.18,5.526,5.556,5.596,5846.02,6146.43,6496.72,0.05
2020-02-27 10:35:00,5.54,5.57,5.57,5.52,3972.0,0.03,0.54,5.54,5.554,5.59,4403.4,5712.83,6539.07,0.08
2020-02-27 10:40:00,5.56,5.6,5.58,5.56,5503.0,0.02,0.36,5.556,5.551,5.5855,3699.0,5660.43,6692.24,0.11
2020-02-27 10:45:00,5.58,5.58,5.55,5.55,1429.0,-0.03,-0.54,5.558,5.545,5.58,3405.0,5113.21,6597.99,0.03
2020-02-27 10:50:00,5.55,5.57,5.57,5.55,1093.0,0.02,0.36,5.562,5.545,5.5765,2908.0,4744.81,6310.74,0.02
2020-02-27 10:55:00,5.57,5.58,5.57,5.56,1714.0,0.0,0.0,5.568,5.547,5.575,2742.2,4294.11,5843.04,0.03
2020-02-27 11:00:00,5.57,5.57,5.56,5.55,806.0,-0.01,-0.18,5.566,5.553,5.571,2109.0,3256.2,5657.3,0.02
2020-02-27 11:05:00,5.57,5.58,5.55,5.52,2804.16,-0.02,-0.36,5.56,5.558,5.567,1569.23,2634.12,5356.78,0.06
2020-02-27 11:10:00,5.55,5.56,5.56,5.54,3023.0,0.01,0.18,5.562,5.56,5.565,1888.03,2646.52,5282.36,0.06
2020-02-27 11:15:00,5.56,5.57,5.56,5.55,1417.0,0.0,0.0,5.56,5.561,5.562,1952.83,2430.42,4740.76,0.03
2020-02-27 11:20:00,5.56,5.6,5.6,5.55,1952.77,0.04,0.72,5.566,5.567,5.5615,2000.59,2371.39,4258.91,0.04
2020-02-27 11:25:00,5.6,5.62,5.6,5.58,3869.0,0.0,0.0,5.574,5.57,5.562,2613.19,2361.09,4036.96,0.08
2020-02-27 11:30:00,5.61,5.63,5.61,5.61,2078.52,0.0,0.0,5.586,5.573,5.562,2468.06,2018.64,3839.54,0.04
2020-02-27 13:05:00,5.62,5.65,5.63,5.61,7451.0,0.01,0.18,5.6,5.581,5.563,3353.66,2620.84,3867.03,0.15
2020-02-27 13:10:00,5.63,5.64,5.63,5.63,2705.0,0.0,0.0,5.614,5.587,5.566,3611.26,2782.04,3763.43,0.05
2020-02-27 13:15:00,5.63,5.65,5.63,5.63,2760.0,0.0,0.0,5.62,5.593,5.57,3772.7,2886.64,3590.38,0.05
2020-02-27 13:20:00,5.63,5.64,5.62,5.61,2050.0,-0.01,-0.18,5.624,5.599,5.576,3408.9,3011.04,3133.62,0.04
2020-02-27 13:25:00,5.62,5.62,5.61,5.6,3049.0,-0.01,-0.18,5.624,5.605,5.5815,3603.0,3035.53,2834.82,0.06
2020-02-27 13:30:00,5.61,5.61,5.6,5.6,2828.47,-0.01,-0.18,5.618,5.609,5.5845,2678.49,3016.08,2831.3,0.06
2020-02-27 13:35:00,5.6,5.63,5.62,5.59,3605.43,0.02,0.36,5.616,5.615,5.588,2858.58,3234.92,2832.67,0.07
2020-02-27 13:40:00,5.62,5.63,5.59,5.57,2783.57,-0.03,-0.53,5.608,5.614,5.5905,2863.29,3318.0,2844.7,0.06
2020-02-27 13:45:00,5.59,5.59,5.58,5.57,1828.0,-0.01,-0.18,5.6,5.612,5.591,2818.89,3113.9,2737.5,0.04
2020-02-27 13:50:00,5.58,5.59,5.58,5.57,1406.0,0.0,0.0,5.594,5.609,5.591,2490.29,3046.65,2532.65,0.03
2020-02-27 13:55:00,5.58,5.59,5.59,5.57,2244.71,0.01,0.18,5.592,5.605,5.593,2373.54,2526.02,2573.43,0.04
2020-02-27 14:00:00,5.59,5.59,5.57,5.57,1261.0,-0.02,-0.36,5.582,5.599,5.593,1904.66,2381.62,2581.83,0.02
2020-02-27 14:05:00,5.57,5.59,5.57,5.54,5145.87,0.0,0.0,5.578,5.593,5.593,2377.12,2620.2,2753.42,0.1
2020-02-27 14:10:00,5.57,5.59,5.55,5.54,1510.0,-0.02,-0.36,5.572,5.586,5.5925,2313.52,2566.2,2788.62,0.03
2020-02-27 14:15:00,5.55,5.56,5.56,5.52,5596.24,0.01,0.18,5.568,5.581,5.593,3151.56,2820.93,2928.23,0.11
2020-02-27 14:20:00,5.56,5.56,5.54,5.53,4749.0,-0.02,-0.36,5.558,5.575,5.592,3652.42,3012.98,3014.53,0.09
2020-02-27 14:25:00,5.54,5.6,5.57,5.54,4415.99,0.03,0.54,5.558,5.57,5.5925,4283.42,3094.04,3164.48,0.09
2020-02-27 14:30:00,5.56,5.56,5.53,5.52,6440.12,-0.03,-0.54,5.55,5.564,5.589,4542.27,3459.69,3388.85,0.13
2020-02-27 14:35:00,5.53,5.55,5.54,5.52,3412.0,0.01,0.18,5.548,5.56,5.586,4922.67,3618.09,3366.0,0.07
2020-02-27 14:40:00,5.54,5.54,5.53,5.52,4804.0,-0.01,-0.18,5.542,5.555,5.582,4764.22,3957.89,3502.27,0.1
2020-02-27 14:45:00,5.53,5.55,5.53,5.52,4031.0,0.0,0.0,5.54,5.549,5.577,4620.62,4136.52,3331.27,0.08
2020-02-27 14:50:00,5.54,5.55,5.53,5.52,5643.0,-0.01,-0.18,5.532,5.545,5.572,4866.02,4574.72,3478.17,0.11
2020-02-27 14:55:00,5.54,5.54,5.51,5.5,10386.2,-0.03,-0.54,5.528,5.539,5.566,5655.24,5098.76,3859.48,0.21
2020-02-27 15:00:00,5.5,5.52,5.51,5.5,2560.0,0.01,0.18,5.522,5.535,5.5605,5484.84,5203.76,3884.98,0.05
2020-02-28 09:35:00,5.28,5.35,5.33,5.24,20666.6,0.05,0.95,5.482,5.512,5.5465,8657.36,6710.79,4765.86,0.41
2020-02-28 09:40:00,5.31,5.33,5.3,5.27,12466.9,-0.01,-0.19,5.436,5.488,5.5315,10344.5,7482.58,5247.78,0.25
2020-02-28 09:45:00,5.3,5.32,5.28,5.25,11514.8,-0.02,-0.38,5.386,5.459,5.5145,11518.9,8192.46,5643.25,0.23
2020-02-28 09:50:00,5.26,5.29,5.27,5.25,6452.32,0.01,0.19,5.338,5.433,5.4985,10732.1,8193.68,5826.69,0.13
2020-02-28 09:55:00,5.27,5.32,5.27,5.26,7799.32,0.0,0.0,5.29,5.406,5.483,11780.0,8632.41,6125.25,0.15
2020-02-28 10:00:00,5.27,5.28,5.27,5.25,4074.0,0.0,0.0,5.278,5.38,5.4675,8461.47,8559.41,6258.65,0.08
2020-02-28 10:05:00,5.27,5.27,5.24,5.23,6607.0,-0.03,-0.57,5.266,5.351,5.45,7289.49,8817.01,6476.77,0.13
2020-02-28 10:10:00,5.24,5.24,5.21,5.21,7437.0,-0.03,-0.57,5.252,5.319,5.432,6473.93,8996.41,6785.57,0.15
2020-02-28 10:15:00,5.21,5.23,5.21,5.17,14023.0,0.0,0.0,5.24,5.289,5.414,7988.06,9360.09,7229.42,0.28
2020-02-28 10:20:00,5.21,5.24,5.23,5.18,8548.0,0.02,0.38,5.232,5.261,5.398,8137.8,9958.89,7581.32,0.17
2020-02-28 10:25:00,5.22,5.25,5.23,5.21,9745.47,0.01,0.19,5.224,5.251,5.3815,9272.09,8866.78,7788.79,0.19
2020-02-28 10:30:00,5.21,5.21,5.18,5.17,3548.0,-0.03,-0.58,5.212,5.239,5.3635,8660.29,7974.89,7728.74,0.07
2020-02-28 10:35:00,5.18,5.18,5.18,5.14,8167.02,0.0,0.0,5.206,5.229,5.344,8806.3,7640.11,7916.29,0.16
2020-02-28 10:40:00,5.18,5.24,5.23,5.18,5143.05,0.05,0.97,5.21,5.225,5.329,7030.31,7509.19,7851.43,0.1
2020-02-28 10:45:00,5.23,5.24,5.22,5.21,2381.06,-0.01,-0.19,5.208,5.22,5.313,5796.92,6967.36,7799.89,0.05
2020-02-28 10:50:00,5.22,5.22,5.2,5.16,2887.0,-0.02,-0.38,5.202,5.213,5.2965,4425.23,6848.66,7704.04,0.06
2020-02-28 10:55:00,5.2,5.23,5.2,5.2,4682.0,0.0,0.0,5.206,5.209,5.28,4652.03,6656.16,7736.59,0.09
2020-02-28 11:00:00,5.2,5.22,5.19,5.19,2371.0,-0.01,-0.19,5.208,5.207,5.263,3492.82,6149.56,7572.99,0.05
2020-02-28 11:05:00,5.19,5.2,5.2,5.18,1547.0,0.01,0.19,5.202,5.206,5.2475,2773.61,4901.96,7131.03,0.03
2020-02-28 11:10:00,5.19,5.19,5.19,5.17,1470.81,0.0,0.0,5.196,5.202,5.2315,2591.56,4194.24,7076.57,0.03
2020-02-28 11:15:00,5.18,5.18,5.15,5.15,2036.19,-0.03,-0.58,5.186,5.194,5.2225,2421.4,3423.31,6145.05,0.04
2020-02-28 11:20:00,5.16,5.16,5.14,5.13,4821.0,-0.02,-0.39,5.174,5.19,5.2145,2449.2,3550.61,5762.75,0.1
2020-02-28 11:25:00,5.14,5.15,5.15,5.11,6604.55,0.01,0.19,5.166,5.187,5.208,3295.91,3394.37,5517.24,0.13
2020-02-28 11:30:00,5.15,5.15,5.13,5.11,2379.81,-0.02,-0.39,5.152,5.177,5.201,3462.47,3118.04,5313.61,0.05
2020-02-28 13:05:00,5.13,5.13,5.06,5.05,5652.0,-0.07,-1.36,5.126,5.161,5.1905,4298.71,3445.14,5206.25,0.11
2020-02-28 13:10:00,5.06,5.15,5.14,5.06,6311.09,0.08,1.58,5.124,5.155,5.184,5153.69,3787.54,5318.1,0.12
2020-02-28 13:15:00,5.14,5.15,5.15,5.12,3982.0,0.01,0.19,5.126,5.15,5.1795,4985.89,3717.54,5186.85,0.08
2020-02-28 13:20:00,5.15,5.16,5.16,5.13,4669.12,0.01,0.19,5.128,5.147,5.177,4598.8,3947.36,5048.46,0.09
2020-02-28 13:25:00,5.16,5.16,5.13,5.11,3230.88,-0.03,-0.58,5.128,5.14,5.173,4769.02,4115.74,4508.85,0.06
2020-02-28 13:30:00,5.13,5.14,5.11,5.1,2366.0,-0.02,-0.39,5.138,5.132,5.167,4111.82,4205.26,4199.75,0.05
2020-02-28 13:35:00,5.12,5.15,5.15,5.11,1481.0,0.03,0.59,5.14,5.132,5.163,3145.8,4149.74,3786.53,0.03
2020-02-28 13:40:00,5.15,5.15,5.12,5.12,2562.0,-0.03,-0.58,5.134,5.13,5.16,2861.8,3923.84,3737.23,0.05
2020-02-28 13:45:00,5.13,5.13,5.11,5.1,3567.0,-0.02,-0.39,5.124,5.126,5.1565,2641.38,3620.09,3507.23,0.07
2020-02-28 13:50:00,5.12,5.14,5.12,5.1,1851.0,0.0,0.0,5.122,5.125,5.151,2365.4,3567.21,3342.63,0.04
2020-02-28 13:55:00,5.12,5.15,5.13,5.12,1950.0,0.01,0.2,5.126,5.132,5.1465,2282.2,3197.01,3321.07,0.04
2020-02-28 14:00:00,5.13,5.15,5.13,5.12,2160.88,0.0,0.0,5.122,5.131,5.143,2418.18,2781.99,3284.77,0.04
2020-02-28 14:05:00,5.13,5.16,5.15,5.12,5671.8,0.02,0.39,5.128,5.131,5.1405,3040.14,2950.97,3334.26,0.11
2020-02-28 14:10:00,5.15,5.16,5.15,5.14,3891.0,0.0,0.0,5.136,5.13,5.1385,3104.94,2873.16,3410.26,0.08
2020-02-28 14:15:00,5.15,5.15,5.13,5.12,3763.0,-0.02,-0.39,5.138,5.13,5.135,3487.34,2926.37,3521.06,0.07
2020-02-28 14:20:00,5.13,5.13,5.1,5.09,4785.0,-0.03,-0.58,5.132,5.129,5.1305,4054.34,3168.27,3686.77,0.09
2020-02-28 14:25:00,5.1,5.11,5.08,5.07,5015.0,-0.02,-0.39,5.122,5.122,5.127,4625.16,3521.67,3835.71,0.1
2020-02-28 14:30:00,5.07,5.09,5.09,5.04,8723.0,0.02,0.39,5.11,5.119,5.1245,5235.4,4137.77,4030.81,0.17
2020-02-28 14:35:00,5.09,5.09,5.06,5.05,6399.0,-0.03,-0.59,5.092,5.114,5.12,5737.0,4420.97,4020.53,0.13
2020-02-28 14:40:00,5.06,5.08,5.06,5.05,4732.0,0.0,0.0,5.078,5.108,5.1165,5930.8,4709.07,4138.14,0.09
2020-02-28 14:45:00,5.05,5.07,5.03,5.02,7583.0,-0.02,-0.4,5.064,5.098,5.115,6490.4,5272.37,4234.69,0.15
2020-02-28 14:50:00,5.03,5.03,4.98,4.95,20454.5,-0.05,-0.99,5.044,5.083,5.107,9578.3,7101.73,4941.86,0.4
2020-02-28 14:55:00,4.97,4.97,4.95,4.95,18569.0,-0.02,-0.4,5.016,5.063,5.097,11547.5,8391.45,5671.21,0.37
2020-02-28 15:00:00,4.96,4.96,4.96,4.95,3771.0,0.0,0.0,4.996,5.044,5.087,11021.9,8379.45,5626.3,0.07
2020-03-02 09:35:00,5.07,5.15,5.15,5.07,20202.9,0.08,1.58,5.014,5.046,5.088,14116.1,10023.4,6474.9,0.4
2020-03-02 09:40:00,5.15,5.2,5.19,5.13,17980.0,0.04,0.78,5.046,5.055,5.092,16195.5,11342.9,7255.6,0.36
2020-03-02 09:45:00,5.19,5.25,5.21,5.19,16355.0,0.02,0.39,5.092,5.068,5.095,15375.6,12476.9,7999.3,0.32
2020-03-02 09:50:00,5.22,5.27,5.27,5.2,22348.5,0.05,0.96,5.156,5.086,5.1025,16131.5,13839.5,8988.63,0.44
2020-03-02 09:55:00,5.27,5.38,5.35,5.27,22492.9,0.08,1.52,5.234,5.115,5.1145,19875.9,15448.9,9934.92,0.45
2020-03-02 10:00:00,5.36,5.39,5.38,5.34,22258.2,0.02,0.37,5.28,5.147,5.1275,20286.9,17201.5,10955.3,0.44
2020-03-02 10:05:00,5.38,5.46,5.42,5.38,18912.0,0.04,0.74,5.326,5.186,5.142,20473.3,18334.4,11803.4,0.37
2020-03-02 10:10:00,5.42,5.42,5.38,5.38,10859.0,-0.04,-0.74,5.36,5.226,5.1545,19374.1,17374.8,12238.3,0.21
2020-03-02 10:15:00,5.38,5.39,5.37,5.36,6695.0,-0.01,-0.19,5.38,5.268,5.1655,16243.4,16187.4,12289.4,0.13
2020-03-02 10:20:00,5.36,5.42,5.39,5.36,8103.0,0.03,0.56,5.388,5.311,5.1775,13365.4,16620.6,12500.0,0.16
2020-03-02 10:25:00,5.39,5.42,5.41,5.39,7118.43,0.02,0.37,5.394,5.337,5.1915,10337.5,15312.2,12667.8,0.14
2020-03-02 10:30:00,5.42,5.42,5.39,5.39,1476.0,-0.03,-0.55,5.388,5.357,5.206,6850.29,13661.8,12502.4,0.03
2020-03-02 10:35:00,5.39,5.42,5.4,5.37,7686.84,0.01,0.19,5.392,5.376,5.222,6215.85,12795.0,12636.0,0.15
2020-03-02 10:40:00,5.4,5.43,5.41,5.39,6164.36,0.01,0.19,5.4,5.39,5.238,6109.73,11176.6,12508.0,0.12
2020-03-02 10:45:00,5.41,5.45,5.43,5.41,6463.78,0.02,0.37,5.408,5.398,5.2565,5781.88,9573.66,12511.3,0.13
2020-03-02 10:50:00,5.43,5.44,5.43,5.4,4541.3,0.0,0.0,5.412,5.403,5.275,5266.46,7801.97,12501.7,0.09
2020-03-02 10:55:00,5.43,5.46,5.45,5.42,10310.0,0.02,0.37,5.424,5.406,5.296,7033.26,6941.77,12638.1,0.2
2020-03-02 11:00:00,5.45,5.46,5.44,5.43,8554.0,-0.01,-0.18,5.432,5.412,5.319,7206.69,6711.27,12043.1,0.17
2020-03-02 11:05:00,5.44,5.46,5.45,5.43,4968.0,0.01,0.18,5.44,5.42,5.344,6967.42,6538.57,11363.0,0.1
2020-03-02 11:10:00,5.46,5.46,5.45,5.45,3694.0,-0.01,-0.18,5.444,5.426,5.3685,6413.46,6097.67,11359.2,0.07
2020-03-02 11:15:00,5.45,5.46,5.44,5.44,2827.0,-0.01,-0.18,5.446,5.429,5.383,6070.6,5668.53,10490.4,0.06
2020-03-02 11:20:00,5.44,5.45,5.45,5.44,3084.7,0.01,0.18,5.446,5.435,5.396,4625.54,5829.4,9745.6,0.06
2020-03-02 11:25:00,5.45,5.46,5.45,5.45,2878.82,0.0,0.0,5.448,5.44,5.408,3490.5,5348.6,9071.79,0.06
2020-03-02 11:30:00,5.45,5.46,5.45,5.45,4666.0,0.0,0.0,5.448,5.444,5.417,3430.1,5198.76,8187.67,0.09
2020-03-02 13:05:00,5.46,5.47,5.47,5.45,27050.8,0.01,0.18,5.452,5.448,5.423,8101.46,7257.46,8415.56,0.54
2020-03-02 13:10:00,5.47,5.47,5.47,5.47,2631.0,0.0,0.0,5.458,5.452,5.4275,8062.26,7066.43,7434.2,0.05
2020-03-02 13:15:00,5.47,5.47,5.47,5.47,4018.0,0.0,0.0,5.462,5.454,5.43,8248.92,6437.23,6689.5,0.08
2020-03-02 13:20:00,5.47,5.47,5.47,5.46,16796.9,0.0,0.0,5.466,5.457,5.4345,11032.5,7261.52,6986.4,0.33
2020-03-02 13:25:00,5.47,5.47,5.47,5.45,8115.28,0.0,0.0,5.47,5.459,5.4395,11722.4,7576.25,7057.41,0.16
2020-03-02 13:30:00,5.47,5.47,5.47,5.46,2675.74,0.0,0.0,5.47,5.461,5.4435,6847.38,7474.42,6786.05,0.05
2020-03-02 13:35:00,5.47,5.47,5.46,5.46,8862.0,-0.01,-0.18,5.468,5.463,5.446,8093.58,8077.92,6873.23,0.18
2020-03-02 13:40:00,5.47,5.47,5.46,5.46,3625.0,-0.01,-0.18,5.466,5.464,5.4495,8014.98,8131.95,6980.68,0.07
2020-03-02 13:45:00,5.47,5.47,5.47,5.46,3758.22,0.0,0.0,5.466,5.466,5.453,5407.25,8219.89,6784.24,0.07
2020-03-02 13:50:00,5.47,5.47,5.47,5.46,1474.06,0.0,0.0,5.466,5.468,5.456,4079.0,7900.7,6549.73,0.03
2020-03-02 13:55:00,5.47,5.47,5.47,5.47,890.8,0.0,0.0,5.466,5.468,5.458,3722.02,5284.7,6271.08,0.02
2020-03-02 14:00:00,5.47,5.47,5.47,5.47,1932.0,0.0,0.0,5.468,5.468,5.46,2336.02,5214.8,6140.62,0.04
2020-03-02 14:05:00,5.47,5.47,5.47,5.47,362.0,0.0,0.0,5.47,5.468,5.461,1683.42,4849.2,5643.22,0.01
2020-03-02 14:10:00,5.47,5.47,5.47,5.47,255.0,0.0,0.0,5.47,5.468,5.4625,982.77,3195.01,5228.27,0.01
2020-03-02 14:15:00,5.47,5.47,5.47,5.47,233.0,0.0,0.0,5.47,5.468,5.4635,734.56,2406.78,4991.52,0.0
2020-03-02 14:20:00,5.47,5.47,5.47,5.47,226.0,0.0,0.0,5.47,5.468,5.4645,601.6,2161.81,4818.12,0.0
2020-03-02 14:25:00,5.47,5.47,5.47,5.47,1075.0,0.0,0.0,5.47,5.469,5.466,430.2,1383.11,4730.52,0.02
2020-03-02 14:30:00,5.47,5.47,5.47,5.47,195.0,0.0,0.0,5.47,5.47,5.467,396.8,1040.11,4586.03,0.0
2020-03-02 14:35:00,5.47,5.47,5.47,5.47,78.0,0.0,0.0,5.47,5.47,5.468,361.4,672.09,4445.99,0.0
2020-03-02 14:40:00,5.47,5.47,5.47,5.47,274.0,0.0,0.0,5.47,5.47,5.469,369.6,552.08,4226.39,0.01
2020-03-02 14:45:00,5.47,5.47,5.47,5.47,1605.0,0.0,0.0,5.47,5.47,5.469,645.4,623.5,2954.1,0.03
2020-03-02 14:50:00,5.47,5.47,5.47,5.47,562.0,0.0,0.0,5.47,5.47,5.469,542.8,486.5,2850.65,0.01
2020-03-02 14:55:00,5.47,5.47,5.47,5.47,2458.0,0.0,0.0,5.47,5.47,5.469,995.4,696.1,2772.65,0.05
2020-03-02 15:00:00,5.47,5.47,5.47,5.46,2913.0,0.0,0.0,5.47,5.47,5.469,1562.4,961.9,2078.46,0.06
2020-03-03 09:35:00,5.6,5.64,5.57,5.5,41622.0,-0.03,-0.54,5.49,5.48,5.474,9832.0,5100.8,3753.79,0.82
2020-03-03 09:40:00,5.57,5.64,5.61,5.57,14959.2,0.04,0.72,5.518,5.494,5.481,12502.8,6574.12,4367.96,0.3
2020-03-03 09:45:00,5.61,5.62,5.61,5.59,10538.0,0.0,0.0,5.546,5.508,5.4885,14498.0,7520.42,4451.76,0.21
2020-03-03 09:50:00,5.61,5.62,5.57,5.54,13860.0,-0.04,-0.71,5.566,5.518,5.494,16778.4,8886.92,4963.51,0.27
2020-03-03 09:55:00,5.58,5.62,5.6,5.56,10171.0,0.02,0.36,5.592,5.531,5.5005,18230.0,9896.22,5284.15,0.2
2020-03-03 10:00:00,5.6,5.61,5.61,5.58,3869.0,0.01,0.18,5.6,5.545,5.5075,10679.4,10255.7,5403.9,0.08
2020-03-03 10:05:00,5.6,5.62,5.59,5.56,8898.0,-0.01,-0.18,5.596,5.557,5.5135,9467.2,10985.0,5804.26,0.18
2020-03-03 10:10:00,5.59,5.64,5.63,5.57,5359.41,0.04,0.72,5.6,5.573,5.5215,8431.48,11464.8,5975.63,0.11
2020-03-03 10:15:00,5.62,5.67,5.63,5.6,8703.43,0.01,0.18,5.612,5.589,5.5295,7400.17,12089.3,6392.7,0.17
2020-03-03 10:20:00,5.63,5.66,5.66,5.63,7216.0,0.03,0.53,5.624,5.608,5.539,6809.17,12519.6,6740.75,0.14
2020-03-03 10:25:00,5.65,5.65,5.65,5.63,4428.0,0.0,0.0,5.632,5.616,5.548,6920.97,8800.2,6950.5,0.09
2020-03-03 10:30:00,5.64,5.66,5.65,5.64,2823.0,0.01,0.18,5.644,5.62,5.557,5705.97,7586.58,7080.35,0.06
2020-03-03 10:35:00,5.65,5.65,5.63,5.61,2706.0,-0.02,-0.35,5.644,5.622,5.565,5175.29,6803.38,7161.9,0.05
2020-03-03 10:40:00,5.63,5.64,5.63,5.62,3437.16,0.0,0.0,5.644,5.628,5.573,4122.03,5761.1,7324.01,0.07
2020-03-03 10:45:00,5.62,5.63,5.62,5.61,4074.41,0.0,0.0,5.636,5.63,5.5805,3493.71,5151.44,7523.83,0.08
2020-03-03 10:50:00,5.62,5.64,5.63,5.62,1229.0,0.01,0.18,5.632,5.632,5.5885,2853.91,4887.44,7571.58,0.02
2020-03-03 10:55:00,5.63,5.63,5.59,5.58,7791.0,-0.04,-0.71,5.62,5.632,5.5945,3847.51,4776.74,7880.88,0.15
2020-03-03 11:00:00,5.59,5.61,5.6,5.57,4845.91,0.01,0.18,5.614,5.629,5.601,4275.5,4725.39,8095.08,0.1
2020-03-03 11:05:00,5.6,5.6,5.58,5.57,3553.09,-0.02,-0.36,5.604,5.624,5.6065,4298.68,4210.36,8149.83,0.07
2020-03-03 11:10:00,5.58,5.63,5.61,5.58,2510.91,0.03,0.54,5.602,5.619,5.6135,3985.98,3739.85,8129.73,0.05
2020-03-03 11:15:00,5.62,5.62,5.57,5.57,2757.98,-0.05,-0.89,5.59,5.611,5.6135,4291.78,3572.85,6186.52,0.05
2020-03-03 11:20:00,5.57,5.58,5.57,5.57,2063.0,0.0,0.0,5.586,5.603,5.6115,3146.18,3496.85,5541.72,0.04
2020-03-03 11:25:00,5.57,5.61,5.6,5.55,3877.0,0.03,0.54,5.586,5.6,5.611,2952.4,3613.95,5208.66,0.08
2020-03-03 11:30:00,5.6,5.6,5.56,5.56,1454.0,-0.04,-0.71,5.582,5.593,5.6105,2532.58,3415.63,4588.36,0.03
2020-03-03 13:05:00,5.56,5.58,5.54,5.53,5336.0,-0.02,-0.36,5.568,5.585,5.6075,3097.6,3541.79,4346.62,0.11
2020-03-03 13:10:00,5.54,5.57,5.55,5.51,3686.5,0.01,0.18,5.564,5.577,5.6045,3283.3,3787.54,4337.49,0.07
2020-03-03 13:15:00,5.55,5.55,5.52,5.5,5159.0,-0.03,-0.54,5.554,5.57,5.601,3902.5,3524.34,4150.54,0.1
2020-03-03 13:20:00,5.52,5.52,5.5,5.48,4976.0,-0.02,-0.36,5.534,5.56,5.5945,4122.3,3537.35,4131.37,0.1
2020-03-03 13:25:00,5.5,5.5,5.49,5.45,5966.32,-0.01,-0.18,5.52,5.551,5.5875,5024.76,3778.67,3994.51,0.12
2020-03-03 13:30:00,5.49,5.51,5.48,5.47,2351.0,-0.01,-0.18,5.508,5.538,5.5785,4427.76,3762.68,3751.26,0.05
2020-03-03 13:35:00,5.46,5.49,5.47,5.45,8652.0,0.01,0.18,5.492,5.528,5.5695,5420.86,4352.08,3962.46,0.17
2020-03-03 13:40:00,5.47,5.48,5.47,5.46,1853.0,0.0,0.0,5.482,5.518,5.5605,4759.66,4331.08,3913.96,0.04
2020-03-03 13:45:00,5.46,5.47,5.47,5.45,2993.0,0.01,0.18,5.476,5.505,5.5525,4363.06,4242.68,3928.31,0.06
2020-03-03 13:50:00,5.47,5.47,5.43,5.43,3720.0,-0.04,-0.73,5.464,5.492,5.5425,3913.8,4469.28,3942.46,0.07
2020-03-03 13:55:00,5.44,5.45,5.44,5.42,7976.0,0.0,0.0,5.456,5.482,5.5335,5038.8,4733.28,4137.54,0.16
2020-03-03 14:00:00,5.44,5.45,5.43,5.42,6272.0,-0.01,-0.18,5.448,5.47,5.5235,4562.8,4991.83,4389.69,0.12
2020-03-03 14:05:00,5.44,5.44,5.4,5.4,7939.22,-0.04,-0.74,5.434,5.458,5.514,5780.04,5269.85,4397.1,0.16
2020-03-03 14:10:00,5.41,5.42,5.42,5.4,8823.0,0.01,0.18,5.424,5.45,5.505,6946.04,5654.55,4595.95,0.17
2020-03-03 14:15:00,5.42,5.42,5.39,5.39,4528.0,-0.03,-0.55,5.416,5.44,5.4955,7107.64,5510.72,4644.7,0.09
2020-03-03 14:20:00,5.39,5.39,5.35,5.35,9084.0,-0.04,-0.74,5.398,5.427,5.4825,7329.24,6184.02,4973.35,0.18
2020-03-03 14:25:00,5.35,5.44,5.44,5.35,8546.26,0.09,1.68,5.4,5.424,5.476,7784.1,6173.45,5262.76,0.17
2020-03-03 14:30:00,5.44,5.44,5.41,5.4,3527.24,-0.03,-0.55,5.402,5.418,5.468,6901.7,6340.87,5335.98,0.07
2020-03-03 14:35:00,5.41,5.46,5.42,5.41,7244.16,0.01,0.18,5.402,5.413,5.459,6585.93,6765.99,5504.34,0.14
2020-03-03 14:40:00,5.42,5.43,5.42,5.41,1487.0,0.0,0.0,5.408,5.412,5.452,5977.73,6542.69,5505.98,0.03
2020-03-03 14:45:00,5.42,5.46,5.42,5.42,4979.0,0.0,0.0,5.422,5.41,5.446,5156.73,6242.99,5488.14,0.1
2020-03-03 14:50:00,5.42,5.48,5.43,5.4,12186.0,0.01,0.18,5.42,5.41,5.44,5884.68,6834.39,5913.11,0.24
2020-03-03 14:55:00,5.44,5.44,5.41,5.4,10985.7,-0.03,-0.55,5.42,5.411,5.4345,7376.37,7139.04,6204.44,0.22
2020-03-03 15:00:00,5.41,5.42,5.42,5.41,3024.66,0.01,0.18,5.42,5.411,5.4305,6532.47,6559.2,6106.88,0.06
2020-03-04 09:35:00,5.39,5.49,5.46,5.39,14085.4,0.07,1.3,5.428,5.418,5.429,9052.15,7514.94,6512.83,0.28
2020-03-04 09:40:00,5.47,5.49,5.48,5.43,6524.0,0.01,0.18,5.44,5.431,5.429,9361.15,7258.94,6721.48,0.13
2020-03-04 09:45:00,5.47,5.5,5.45,5.44,9867.92,-0.02,-0.37,5.444,5.432,5.428,8897.54,7391.11,6782.28,0.2
2020-03-04 09:50:00,5.45,5.48,5.43,5.42,5448.0,-0.02,-0.37,5.448,5.434,5.426,7790.0,7583.18,6962.03,0.11
2020-03-04 09:55:00,5.43,5.44,5.44,5.41,5961.0,0.01,0.18,5.452,5.436,5.4245,8377.26,7454.87,7110.43,0.12
2020-03-04 10:00:00,5.44,5.46,5.41,5.41,2515.0,-0.03,-0.55,5.442,5.435,5.4235,6063.18,7557.67,7050.18,0.05
2020-03-04 10:05:00,5.41,5.42,5.41,5.37,4403.59,0.0,0.0,5.428,5.434,5.422,5639.1,7500.13,6871.56,0.09
2020-03-04 10:10:00,5.41,5.44,5.44,5.39,3610.01,0.03,0.55,5.426,5.435,5.4225,4387.52,6642.53,6738.46,0.07
2020-03-04 10:15:00,5.4,5.42,5.39,5.39,4728.0,-0.01,-0.19,5.418,5.433,5.422,4243.52,6016.76,6577.9,0.09
2020-03-04 10:20:00,5.4,5.43,5.43,5.4,2939.0,0.03,0.56,5.416,5.434,5.4225,3639.12,6008.19,6283.7,0.06
2020-03-04 10:25:00,5.42,5.45,5.45,5.41,6543.73,0.03,0.55,5.424,5.433,5.4255,4444.87,5254.02,6384.48,0.13
2020-03-04 10:30:00,5.45,5.47,5.43,5.42,5225.27,-0.02,-0.37,5.428,5.428,5.4295,4609.2,5124.15,6191.55,0.1
2020-03-04 10:35:00,5.44,5.47,5.44,5.42,3965.32,0.0,0.0,5.428,5.427,5.4295,4680.26,4533.89,5962.5,0.08
2020-03-04 10:40:00,5.44,5.47,5.45,5.44,4053.0,0.01,0.18,5.44,5.429,5.4315,4545.26,4394.39,5988.79,0.08
2020-03-04 10:45:00,5.45,5.45,5.44,5.43,1527.0,-0.01,-0.18,5.442,5.429,5.4325,4262.86,3950.99,5702.93,0.03
2020-03-04 10:50:00,5.44,5.45,5.43,5.43,760.13,-0.01,-0.18,5.438,5.431,5.433,3106.14,3775.5,5666.59,0.02
2020-03-04 10:55:00,5.43,5.44,5.42,5.41,3016.87,-0.01,-0.18,5.436,5.432,5.433,2664.46,3636.83,5568.48,0.06
2020-03-04 11:00:00,5.42,5.42,5.41,5.4,1114.89,-0.01,-0.18,5.43,5.429,5.432,2094.38,3387.32,5014.92,0.02
2020-03-04 11:05:00,5.41,5.43,5.41,5.39,1907.71,0.0,0.0,5.422,5.431,5.432,1665.32,3105.29,4561.02,0.04
2020-03-04 11:10:00,5.41,5.42,5.42,5.41,1116.29,0.01,0.18,5.418,5.43,5.432,1583.18,2923.02,4465.61,0.02
2020-03-04 11:15:00,5.42,5.43,5.42,5.4,1581.0,0.0,0.0,5.416,5.427,5.43,1747.35,2426.75,3840.39,0.03
2020-03-04 11:20:00,5.43,5.45,5.43,5.42,2707.0,0.0,0.0,5.418,5.427,5.4275,1685.38,2174.92,3649.54,0.05
2020-03-04 11:25:00,5.43,5.44,5.41,5.41,2084.0,-0.02,-0.37,5.418,5.424,5.4255,1879.2,1986.79,3260.34,0.04
2020-03-04 11:30:00,5.41,5.42,5.42,5.41,2258.71,0.01,0.18,5.42,5.421,5.425,1949.4,1807.36,3100.88,0.04
2020-03-04 13:05:00,5.42,5.42,5.39,5.39,4077.12,-0.03,-0.55,5.414,5.416,5.4225,2541.57,2062.37,3006.68,0.08
2020-03-04 13:10:00,5.39,5.39,5.37,5.36,5917.17,-0.02,-0.37,5.404,5.41,5.4205,3408.8,2578.08,3176.79,0.12
2020-03-04 13:15:00,5.37,5.38,5.37,5.35,5134.24,0.0,0.0,5.392,5.405,5.4185,3894.25,2789.81,3213.32,0.1
2020-03-04 13:20:00,5.36,5.38,5.37,5.36,1983.0,0.01,0.19,5.384,5.401,5.415,3874.05,2876.62,3131.97,0.04
2020-03-04 13:25:00,5.37,5.37,5.35,5.35,3283.0,-0.02,-0.37,5.37,5.395,5.413,4078.91,3014.15,3059.72,0.06
2020-03-04 13:30:00,5.35,5.36,5.33,5.32,4081.59,-0.02,-0.37,5.358,5.386,5.408,4079.8,3310.68,3116.85,0.08
2020-03-04 13:35:00,5.33,5.35,5.33,5.32,4402.0,0.0,0.0,5.35,5.377,5.402,3776.77,3592.78,3009.77,0.09
2020-03-04 13:40:00,5.33,5.33,5.31,5.29,7966.0,-0.02,-0.38,5.338,5.365,5.396,4343.12,4118.68,3146.8,0.16
2020-03-04 13:45:00,5.31,5.34,5.33,5.31,2698.0,0.02,0.38,5.33,5.357,5.3905,4486.12,4180.08,3083.44,0.05
2020-03-04 13:50:00,5.33,5.36,5.36,5.33,885.0,0.03,0.56,5.332,5.351,5.386,4006.52,4042.71,2925.04,0.02
2020-03-04 13:55:00,5.36,5.36,5.36,5.33,3241.0,0.0,0.0,5.338,5.348,5.382,3838.4,3959.1,3010.74,0.06
2020-03-04 14:00:00,5.35,5.36,5.34,5.34,2796.0,-0.01,-0.19,5.34,5.345,5.3775,3517.2,3646.98,3112.53,0.06
2020-03-04 14:05:00,5.34,5.34,5.33,5.32,2263.0,-0.01,-0.19,5.344,5.341,5.373,2376.6,3359.86,3074.84,0.04
2020-03-04 14:10:00,5.33,5.36,5.36,5.33,1446.0,0.03,0.56,5.35,5.34,5.3705,2126.2,3306.16,3091.39,0.03
2020-03-04 14:15:00,5.36,5.38,5.37,5.36,2425.0,0.01,0.19,5.352,5.342,5.3685,2434.2,3220.36,3117.26,0.05
2020-03-04 14:20:00,5.37,5.39,5.37,5.37,523.0,0.0,0.0,5.354,5.346,5.366,1890.6,2864.5,3087.59,0.01
2020-03-04 14:25:00,5.38,5.4,5.37,5.37,3461.0,-0.01,-0.19,5.36,5.35,5.3635,2023.6,2770.4,3181.59,0.07
2020-03-04 14:30:00,5.37,5.38,5.36,5.35,2251.0,-0.01,-0.19,5.366,5.355,5.36,2021.2,2198.9,3158.79,0.04
2020-03-04 14:35:00,5.36,5.38,5.37,5.35,2453.0,0.01,0.19,5.368,5.359,5.358,2222.6,2174.4,3177.24,0.05
2020-03-04 14:40:00,5.37,5.38,5.36,5.36,2875.36,-0.01,-0.19,5.366,5.359,5.355,2312.67,2373.44,3208.07,0.06
2020-03-04 14:45:00,5.37,5.4,5.38,5.36,4848.0,0.01,0.19,5.368,5.361,5.3545,3177.67,2534.14,3246.62,0.1
2020-03-04 14:50:00,5.39,5.41,5.39,5.38,3409.99,0.0,0.0,5.372,5.366,5.3555,3167.47,2595.54,3121.26,0.07
2020-03-04 14:55:00,5.4,5.41,5.39,5.39,4969.0,-0.01,-0.19,5.378,5.372,5.3565,3711.07,2866.14,3113.0,0.1
2020-03-04 15:00:00,5.39,5.39,5.39,5.38,2308.72,0.0,0.0,5.382,5.375,5.3575,3682.21,2952.41,3129.28,0.05
2020-03-05 09:35:00,5.5,5.6,5.56,5.49,27881.3,0.06,1.09,5.422,5.394,5.368,8683.4,5498.04,4359.2,0.55
2020-03-05 09:40:00,5.57,5.61,5.57,5.56,24107.0,0.0,0.0,5.46,5.414,5.38,12535.2,7856.44,5360.47,0.48
2020-03-05 09:45:00,5.57,5.58,5.57,5.55,9595.92,0.0,0.0,5.496,5.434,5.392,13772.4,8469.93,5620.16,0.19
2020-03-05 09:50:00,5.56,5.58,5.57,5.52,7182.36,0.01,0.18,5.532,5.455,5.405,14215.1,8963.06,5580.98,0.14
2020-03-05 09:55:00,5.57,5.57,5.55,5.53,5647.64,-0.02,-0.36,5.564,5.473,5.416,14882.8,9282.53,5728.46,0.11
2020-03-05 10:00:00,5.55,5.57,5.56,5.53,5679.0,0.01,0.18,5.564,5.493,5.426,10442.4,9562.89,5968.16,0.11
2020-03-05 10:05:00,5.56,5.56,5.56,5.54,3771.0,0.0,0.0,5.562,5.511,5.436,6375.18,9455.19,5994.66,0.07
2020-03-05 10:10:00,5.55,5.68,5.64,5.55,28327.8,0.09,1.62,5.576,5.536,5.451,10121.6,11947.0,7271.25,0.56
2020-03-05 10:15:00,5.65,5.67,5.62,5.61,18403.0,-0.03,-0.53,5.586,5.559,5.4655,12365.7,13290.4,8078.25,0.36
2020-03-05 10:20:00,5.62,5.65,5.65,5.59,12632.0,0.03,0.53,5.606,5.585,5.48,13762.6,14322.7,8637.55,0.25
2020-03-05 10:25:00,5.65,5.65,5.63,5.61,10948.4,-0.02,-0.35,5.62,5.592,5.493,14816.4,12629.4,9063.72,0.22
2020-03-05 10:30:00,5.64,5.65,5.64,5.63,3330.0,0.0,0.0,5.636,5.599,5.5065,14728.2,10551.7,9204.07,0.07
2020-03-05 10:35:00,5.63,5.66,5.62,5.62,6172.0,-0.01,-0.18,5.632,5.604,5.519,10297.1,10209.3,9339.62,0.12
2020-03-05 10:40:00,5.64,5.64,5.64,5.63,1790.0,0.0,0.0,5.636,5.611,5.533,6974.48,9670.08,9316.57,0.04
2020-03-05 10:45:00,5.64,5.64,5.61,5.61,6635.99,-0.03,-0.53,5.628,5.617,5.545,5775.28,9768.92,9525.72,0.13
2020-03-05 10:50:00,5.61,5.62,5.61,5.6,2584.0,0.0,0.0,5.624,5.622,5.5575,4102.4,9459.42,9511.16,0.05
2020-03-05 10:55:00,5.61,5.64,5.64,5.61,2024.0,0.03,0.53,5.624,5.63,5.5705,3841.2,9284.72,9369.96,0.04
2020-03-05 11:00:00,5.64,5.64,5.6,5.6,1652.0,-0.04,-0.71,5.62,5.626,5.581,2937.2,6617.14,9282.06,0.03
2020-03-05 11:05:00,5.6,5.62,5.6,5.6,2139.0,0.0,0.0,5.612,5.624,5.5915,3007.0,4990.74,9140.56,0.04
2020-03-05 11:10:00,5.6,5.63,5.63,5.6,2168.0,0.03,0.54,5.616,5.622,5.6035,2113.4,3944.34,9133.52,0.04
2020-03-05 11:15:00,5.62,5.62,5.59,5.59,1581.0,-0.03,-0.53,5.612,5.618,5.605,1912.8,3007.6,7818.51,0.03
2020-03-05 11:20:00,5.6,5.6,5.59,5.57,3997.0,-0.01,-0.18,5.602,5.613,5.606,2307.4,3074.3,6813.01,0.08
2020-03-05 11:25:00,5.6,5.6,5.6,5.58,2810.0,0.0,0.0,5.602,5.611,5.6075,2539.0,2738.1,6473.71,0.06
2020-03-05 11:30:00,5.6,5.61,5.61,5.6,1106.0,0.01,0.18,5.604,5.608,5.6095,2332.4,2669.7,6169.89,0.02
2020-03-05 13:05:00,5.61,5.61,5.59,5.59,7030.08,-0.02,-0.36,5.596,5.606,5.6115,3304.82,2709.11,6239.01,0.14
2020-03-05 13:10:00,5.59,5.59,5.58,5.57,2396.0,-0.01,-0.18,5.594,5.603,5.6125,3467.82,2690.31,6074.86,0.05
2020-03-05 13:15:00,5.58,5.61,5.61,5.58,2621.0,0.03,0.54,5.598,5.6,5.615,3192.62,2750.01,6017.36,0.05
2020-03-05 13:20:00,5.61,5.61,5.6,5.59,2795.0,-0.01,-0.18,5.598,5.6,5.613,3189.62,2864.31,4740.72,0.06
2020-03-05 13:25:00,5.6,5.62,5.61,5.59,3497.0,0.01,0.18,5.598,5.601,5.6125,3667.82,3000.11,3995.42,0.07
2020-03-05 13:30:00,5.61,5.62,5.61,5.6,2409.0,0.0,0.0,5.602,5.599,5.6105,2743.6,3024.21,3484.27,0.05
2020-03-05 13:35:00,5.61,5.61,5.6,5.59,3734.0,-0.01,-0.18,5.606,5.6,5.609,3011.2,3239.51,3123.55,0.07
2020-03-05 13:40:00,5.6,5.61,5.61,5.6,2596.96,0.01,0.18,5.606,5.602,5.6075,3006.39,3099.5,3086.9,0.05
2020-03-05 13:45:00,5.61,5.61,5.6,5.6,1975.0,-0.01,-0.18,5.606,5.602,5.6065,2842.39,3016.0,2877.05,0.04
2020-03-05 13:50:00,5.6,5.62,5.62,5.6,5203.52,0.02,0.36,5.608,5.603,5.6055,3183.7,3425.76,3047.73,0.1
2020-03-05 13:55:00,5.61,5.61,5.59,5.59,3864.24,-0.02,-0.36,5.604,5.603,5.6045,3474.74,3109.17,2909.14,0.08
2020-03-05 14:00:00,5.59,5.61,5.6,5.59,961.96,0.01,0.18,5.604,5.605,5.604,2920.34,2965.77,2828.04,0.02
2020-03-05 14:05:00,5.59,5.61,5.61,5.58,4025.32,0.02,0.36,5.604,5.605,5.6025,3206.01,3106.2,2928.1,0.08
2020-03-05 14:10:00,5.61,5.62,5.62,5.6,2324.0,0.01,0.18,5.608,5.607,5.6035,3275.81,3059.1,2961.7,0.05
2020-03-05 14:15:00,5.62,5.63,5.61,5.6,4360.74,-0.01,-0.18,5.606,5.607,5.604,3107.25,3145.47,3072.79,0.09
2020-03-05 14:20:00,5.62,5.63,5.62,5.6,4397.0,0.0,0.0,5.612,5.608,5.6035,3213.8,3344.27,3184.24,0.09
2020-03-05 14:25:00,5.62,5.62,5.59,5.59,4058.0,-0.03,-0.53,5.61,5.607,5.6035,3833.01,3376.67,3308.09,0.08
2020-03-05 14:30:00,5.59,5.62,5.59,5.59,4634.0,0.0,0.0,5.606,5.605,5.6035,3954.75,3580.38,3339.94,0.09
2020-03-05 14:35:00,5.59,5.6,5.59,5.58,4125.92,0.0,0.0,5.6,5.604,5.603,4315.13,3795.47,3405.74,0.08
2020-03-05 14:40:00,5.59,5.61,5.61,5.59,4428.7,0.02,0.36,5.6,5.603,5.603,4328.72,3717.99,3571.87,0.09
2020-03-05 14:45:00,5.61,5.61,5.6,5.59,4031.0,-0.01,-0.18,5.596,5.604,5.6035,4255.52,3734.66,3421.92,0.08
2020-03-05 14:50:00,5.61,5.61,5.59,5.59,3994.0,-0.02,-0.36,5.596,5.603,5.604,4242.72,4037.87,3501.82,0.08
2020-03-05 14:55:00,5.6,5.61,5.59,5.58,10967.0,-0.01,-0.18,5.596,5.601,5.603,5509.32,4732.04,3919.12,0.22
2020-03-05 15:00:00,5.6,5.61,5.61,5.59,5086.0,0.01,0.18,5.6,5.6,5.6035,5701.34,5008.24,4033.67,0.1
2020-03-06 09:35:00,5.49,5.57,5.56,5.46,20679.0,0.07,1.28,5.59,5.595,5.601,8951.4,6640.06,4892.77,0.41
2020-03-06 09:40:00,5.56,5.68,5.67,5.56,18477.0,0.11,1.98,5.604,5.6,5.604,11840.6,8048.06,5696.17,0.37
2020-03-06 09:45:00,5.67,5.72,5.69,5.67,19154.0,0.02,0.35,5.624,5.61,5.6085,14872.6,9557.66,6467.17,0.38
2020-03-06 09:50:00,5.69,5.7,5.7,5.65,12931.0,0.01,0.18,5.646,5.621,5.613,15265.4,10387.4,6983.87,0.26
2020-03-06 09:55:00,5.65,5.71,5.69,5.65,10157.7,0.04,0.71,5.662,5.631,5.6175,16279.7,10990.5,7393.0,0.2
2020-03-06 10:00:00,5.69,5.7,5.7,5.67,8533.0,0.01,0.18,5.69,5.64,5.6215,13850.5,11401.0,7559.48,0.17
2020-03-06 10:05:00,5.69,5.7,5.7,5.68,7801.0,0.01,0.18,5.696,5.65,5.627,11715.3,11778.0,7756.32,0.15
2020-03-06 10:10:00,5.7,5.7,5.67,5.67,6265.0,-0.03,-0.53,5.692,5.658,5.6305,9137.54,12005.1,8021.47,0.12
2020-03-06 10:15:00,5.68,5.7,5.7,5.68,9776.0,0.02,0.35,5.692,5.669,5.635,8506.54,11886.0,8309.0,0.19
2020-03-06 10:20:00,5.7,5.76,5.74,5.7,19363.9,0.04,0.7,5.702,5.682,5.641,10347.8,13313.8,9161.0,0.38
2020-03-06 10:25:00,5.73,5.73,5.73,5.69,6952.32,0.0,0.0,5.708,5.699,5.647,10031.6,11941.1,9290.58,0.14
2020-03-06 10:30:00,5.73,5.73,5.68,5.68,3481.68,-0.05,-0.87,5.704,5.7,5.65,9167.78,10441.6,9244.81,0.07
2020-03-06 10:35:00,5.68,5.69,5.68,5.65,6008.0,0.0,0.0,5.706,5.699,5.6545,9116.38,9126.96,9342.31,0.12
2020-03-06 10:40:00,5.68,5.72,5.71,5.67,6181.62,0.03,0.53,5.708,5.7,5.6605,8397.5,8452.02,9419.69,0.12
2020-03-06 10:45:00,5.71,5.74,5.73,5.71,6429.0,0.02,0.35,5.706,5.704,5.6675,5810.52,8079.15,9534.85,0.13
2020-03-06 10:50:00,5.73,5.73,5.71,5.7,1585.0,-0.02,-0.35,5.702,5.705,5.6725,4737.06,7384.35,9392.66,0.03
2020-03-06 10:55:00,5.71,5.72,5.69,5.68,3001.13,-0.02,-0.35,5.704,5.704,5.677,4640.95,6904.36,9341.17,0.06
2020-03-06 11:00:00,5.69,5.7,5.69,5.68,1015.0,0.0,0.0,5.706,5.706,5.682,3642.35,6379.36,9192.22,0.02
2020-03-06 11:05:00,5.69,5.69,5.68,5.67,3738.5,-0.01,-0.18,5.7,5.704,5.6865,3153.73,5775.62,8830.79,0.07
2020-03-06 11:10:00,5.68,5.7,5.68,5.67,2497.0,0.0,0.0,5.69,5.698,5.69,2367.33,4088.92,8701.34,0.05
2020-03-06 11:15:00,5.68,5.68,5.65,5.65,3607.74,-0.03,-0.53,5.678,5.69,5.6945,2771.87,3754.47,7847.78,0.07
2020-03-06 11:20:00,5.65,5.66,5.62,5.61,6184.0,-0.03,-0.53,5.664,5.684,5.692,3408.45,4024.7,7233.13,0.12
2020-03-06 11:25:00,5.62,5.65,5.65,5.6,5180.16,0.03,0.53,5.656,5.681,5.69,4241.48,3941.92,6534.44,0.1
2020-03-06 11:30:00,5.64,5.65,5.64,5.64,1982.0,0.0,0.0,5.648,5.674,5.687,3890.18,3521.95,5986.99,0.04
2020-03-06 13:05:00,5.64,5.68,5.67,5.64,1705.0,0.03,0.53,5.646,5.668,5.686,3731.78,3049.55,5564.35,0.03
2020-03-06 13:10:00,5.67,5.68,5.65,5.63,3323.0,-0.02,-0.35,5.646,5.662,5.6835,3674.83,3223.35,5303.85,0.07
2020-03-06 13:15:00,5.65,5.66,5.66,5.63,1589.0,0.01,0.18,5.654,5.659,5.6815,2755.83,3082.14,4993.25,0.03
2020-03-06 13:20:00,5.66,5.69,5.68,5.65,3465.0,0.02,0.35,5.66,5.658,5.682,2412.8,3327.14,4853.25,0.07
2020-03-06 13:25:00,5.68,5.7,5.68,5.65,4435.0,0.0,0.0,5.668,5.658,5.681,2903.4,3396.79,4586.2,0.09
2020-03-06 13:30:00,5.68,5.7,5.69,5.68,2147.0,0.01,0.18,5.672,5.659,5.6785,2991.8,3361.79,3725.36,0.04
2020-03-06 13:35:00,5.68,5.68,5.65,5.65,3508.0,-0.03,-0.53,5.672,5.659,5.6745,3028.8,3351.82,3553.14,0.07
2020-03-06 13:40:00,5.65,5.68,5.68,5.63,4906.0,0.03,0.53,5.676,5.665,5.6745,3692.2,3224.02,3624.36,0.1
2020-03-06 13:45:00,5.68,5.68,5.65,5.63,2303.0,-0.03,-0.53,5.67,5.665,5.673,3459.8,2936.3,3439.11,0.05
2020-03-06 13:50:00,5.65,5.66,5.65,5.65,963.12,0.0,0.0,5.664,5.666,5.67,2765.42,2834.41,3178.18,0.02
2020-03-06 13:55:00,5.66,5.68,5.66,5.65,1697.76,0.0,0.0,5.658,5.665,5.6665,2675.58,2833.69,2941.62,0.03
2020-03-06 14:00:00,5.66,5.66,5.65,5.64,2450.08,-0.01,-0.18,5.658,5.665,5.6635,2463.99,2746.4,2984.87,0.05
2020-03-06 14:05:00,5.65,5.7,5.67,5.65,6249.0,0.02,0.35,5.656,5.666,5.6625,2732.59,3212.4,3147.27,0.12
2020-03-06 14:10:00,5.67,5.68,5.66,5.65,3600.0,-0.01,-0.18,5.658,5.664,5.661,2991.99,3225.9,3276.52,0.07
2020-03-06 14:15:00,5.66,5.66,5.64,5.62,6638.84,-0.02,-0.35,5.656,5.66,5.659,4127.14,3446.28,3421.54,0.13
2020-03-06 14:20:00,5.65,5.65,5.63,5.63,1167.2,-0.02,-0.35,5.65,5.654,5.6565,4021.02,3348.3,3355.04,0.02
2020-03-06 14:25:00,5.63,5.63,5.63,5.6,10132.5,0.0,0.0,5.646,5.652,5.6555,5557.51,4010.75,3681.28,0.2
2020-03-06 14:30:00,5.63,5.64,5.62,5.61,1528.0,-0.01,-0.18,5.636,5.646,5.6555,4613.31,3672.95,3448.48,0.03
2020-03-06 14:35:00,5.62,5.65,5.64,5.62,2637.66,0.02,0.36,5.632,5.645,5.655,4420.84,3706.42,3321.36,0.05
2020-03-06 14:40:00,5.64,5.65,5.62,5.6,7792.34,-0.02,-0.35,5.628,5.642,5.654,4651.54,4389.34,3611.88,0.15
2020-03-06 14:45:00,5.62,5.62,5.61,5.59,7769.54,-0.01,-0.18,5.624,5.637,5.651,5972.01,4996.52,3915.1,0.15
2020-03-06 14:50:00,5.61,5.63,5.62,5.6,7959.68,0.01,0.18,5.622,5.634,5.6495,5537.44,5547.48,4146.94,0.16
2020-03-06 14:55:00,5.62,5.63,5.61,5.6,8776.0,-0.01,-0.18,5.62,5.628,5.647,6987.04,5800.18,4506.29,0.17
2020-03-06 15:00:00,5.61,5.61,5.6,5.59,5771.6,-0.01,-0.18,5.612,5.622,5.643,7613.83,6017.34,4621.62,0.11
